sample	chr	pos	ref	alt	source	alignments
DNA-17308-CG001Qv51Next024-10_S10	chr19	4117563	GCTT	G	CG001v3.4.62	1601:0:438,2096:0:5,48:0:4,1807:0:4,251:0:3,1602:0:3,180:0:2,362:0:2,1407:0:2,1540:0:2,1859:0:2,1863:0:2,1956:0:2,2020:0:2,2257:0:2,46:0:1,75:0:1,105:0:1,119:0:1,217:0:1,263:0:1,306:0:1,329:0:1,337:0:1,338:0:1,340:0:1,417:0:1,438:0:1,1197:0:1,1208:0:1,1223:0:1,1270:0:1,1284:0:1,1295:0:1,1315:0:1,1323:0:1,1354:0:1,1360:0:1,1361:0:1,1364:0:1,1446:0:1,1516:0:1,1539:0:1,1564:0:1,1565:0:1,1597:0:1,1598:0:1,1599:0:1,1600:0:1,1604:0:1,1787:0:1,1819:0:1,1844:0:1,1875:0:1,1899:0:1,1971:0:1,2065:0:1,2113:0:1,2119:0:1,2199:0:1,2291:0:1,2321:0:1,2340:0:1,2407:0:1,2408:0:1,2432:0:1
DNA-17308-CG001Qv51Next024-10_S10	chr3	178936116	GT	C	CG001v5.0.59	323:1:7015,63:1:29,50:1:26,358:1:25,369:1:22,367:1:19,407:1:18,76:1:16,89:1:15,123:1:14,377:1:14,98:1:12,85:1:11,130:1:11,269:1:11,411:1:11,133:1:10,584:1:10,194:1:9,485:1:9,341:1:8,496:1:8,296:1:7,438:1:7,460:1:7,614:1:7,372:1:6,413:1:6,565:1:6,270:1:5,284:1:5,298:1:5,317:1:5,331:1:5,353:1:5,382:2:5,425:1:5,451:1:5,514:1:5,536:1:5,641:1:5,14:1:4,260:1:4,263:1:4,265:1:4,286:1:4,288:1:4,315:1:4,384:4:4,384:5:4,517:1:4,674:1:4,41:1:3,105:1:3,268:1:3,278:1:3,281:1:3,291:1:3,320:1:3,348:1:3,432:1:3,452:1:3,25:1:2,46:1:2,55:1:2,73:1:2,142:1:2,273:1:2,275:1:2,287:1:2,289:1:2,292:1:2,294:1:2,297:1:2,318:1:2,322:1:2,344:1:2,356:1:2,359:1:2,361:1:2,365:1:2,373:1:2,380:1:2,395:2:2,445:1:2,479:1:2,585:1:2,625:1:2,640:1:2,706:1:2,2:1:1,3:1:1,8:1:1,9:1:1,13:1:1,17:1:1,19:1:1,26:1:1,29:1:1,30:1:1,31:1:1,33:1:1,36:1:1,42:1:1,43:1:1,45:1:1,49:1:1,51:1:1,52:3:1,56:1:1,57:1:1,59:1:1,65:1:1,69:1:1,70:1:1,74:1:1,77:1:1,78:1:1,80:1:1,81:1:1,82:1:1,83:1:1,86:1:1,87:1:1,90:1:1,92:1:1,94:1:1,97:1:1,99:2:1,101:1:1,103:1:1,108:1:1,112:1:1,113:1:1,114:1:1,115:1:1,117:1:1,118:1:1,127:1:1,128:1:1,129:1:1,131:3:1,135:1:1,136:1:1,137:3:1,138:1:1,143:1:1,145:1:1,261:1:1,262:4:1,262:5:1,264:1:1,266:1:1,267:1:1,271:1:1,272:1:1,274:1:1,276:1:1,277:1:1,279:1:1,280:1:1,282:1:1,283:1:1,285:1:1,290:1:1,293:1:1,295:1:1,299:1:1,300:1:1,303:1:1,304:1:1,305:1:1,307:1:1,308:1:1,312:1:1,313:1:1,314:1:1,316:1:1,319:1:1,321:1:1,324:1:1,325:1:1,326:1:1,328:1:1,329:1:1,335:1:1,338:1:1,339:1:1,340:1:1,342:1:1,343:1:1,346:1:1,347:1:1,349:1:1,351:1:1,354:1:1,355:1:1,360:1:1,362:1:1,363:1:1,364:1:1,366:1:1,368:1:1,370:1:1,371:1:1,374:1:1,375:1:1,376:1:1,378:1:1,379:1:1,381:1:1,383:2:1,385:1:1,386:1:1,393:1:1,403:1:1,404:1:1,406:1:1,414:1:1,416:1:1,417:1:1,422:1:1,427:1:1,430:1:1,431:1:1,433:1:1,434:1:1,436:1:1,439:3:1,442:1:1,444:1:1,446:1:1,449:1:1,453:1:1,455:1:1,461:1:1,463:1:1,467:1:1,468:1:1,469:1:1,471:1:1,472:1:1,474:1:1,476:1:1,477:1:1,480:1:1,482:1:1,483:1:1,484:1:1,487:1:1,492:1:1,500:1:1,501:1:1,502:1:1,503:1:1,506:1:1,507:1:1,515:1:1,516:1:1,518:1:1,521:1:1,528:1:1,529:1:1,532:1:1,535:1:1,539:1:1,540:1:1,542:1:1,544:1:1,551:1:1,552:1:1,553:1:1,554:1:1,555:1:1,564:1:1,566:1:1,567:1:1,568:1:1,569:1:1,572:1:1,573:1:1,576:1:1,582:1:1,583:1:1,586:1:1,587:1:1,590:1:1,599:1:1,600:1:1,601:1:1,604:1:1,605:1:1,606:1:1,613:1:1,615:1:1,616:1:1,620:1:1,621:1:1,622:1:1,629:1:1,633:1:1,636:1:1,645:1:1,647:1:1,657:1:1,658:1:1,659:1:1,664:1:1,666:1:1,667:1:1,668:1:1,671:1:1,675:1:1,676:1:1,678:1:1,679:1:1,680:1:1,681:1:1,682:1:1,684:1:1,687:1:1,691:1:1,692:1:1,694:1:1,698:1:1,702:1:1,705:1:1,707:1:1,708:1:1,714:1:1
DNA-17308-CG001Qv51Next024-17_S17	chr19	4117563	GCTT	G	CG001v3.4.62	1742:0:492,2126:0:4,104:0:3,1404:0:3,1466:0:3,1744:0:3,235:0:2,393:0:2,879:0:2,1295:0:2,1357:0:2,1378:0:2,1493:0:2,1501:0:2,1745:0:2,2219:0:2,21:0:1,30:0:1,137:0:1,139:0:1,175:0:1,193:0:1,199:0:1,200:0:1,201:0:1,250:0:1,258:0:1,318:0:1,341:0:1,352:0:1,377:0:1,406:0:1,421:0:1,460:0:1,479:0:1,483:0:1,1179:0:1,1230:0:1,1251:0:1,1273:0:1,1350:0:1,1368:0:1,1387:0:1,1427:0:1,1446:0:1,1450:0:1,1454:0:1,1463:0:1,1509:0:1,1533:0:1,1561:0:1,1562:0:1,1597:0:1,1664:0:1,1700:0:1,1737:0:1,1738:0:1,1739:0:1,1740:0:1,1741:0:1,1965:0:1,1983:0:1,2014:0:1,2038:0:1,2047:0:1,2055:0:1,2074:0:1,2105:0:1,2125:0:1,2140:0:1,2159:0:1,2182:0:1,2230:0:1,2276:0:1,2284:0:1,2297:0:1,2305:0:1,2322:0:1,2344:0:1,2391:0:1,2406:0:1,2439:0:1,2470:0:1,2545:0:1,2558:0:1,2572:0:1,2603:0:1,2620:0:1
DNA-17308-CG001Qv51Next024-17_S17	chr3	178936116	GT	C	CG001v5.0.59	347:1:8611,95:1:27,65:1:25,381:1:24,401:1:24,81:1:22,389:1:19,53:1:18,107:1:18,391:1:18,431:1:18,440:1:15,645:1:15,130:1:14,613:1:13,374:1:12,273:1:10,335:1:10,399:1:10,459:1:10,57:1:9,291:1:8,534:1:8,674:1:8,139:1:7,278:1:7,306:1:7,317:1:7,413:1:7,415:2:7,471:1:7,483:1:7,73:1:6,353:1:6,367:1:6,421:1:6,465:1:6,574:1:6,593:1:6,116:1:5,144:1:5,312:1:5,333:1:5,383:1:5,407:2:5,518:1:5,76:1:4,135:1:4,294:1:4,302:1:4,342:1:4,343:1:4,499:1:4,698:1:4,727:1:4,39:1:3,44:1:3,134:1:3,152:1:3,288:1:3,289:1:3,301:1:3,309:1:3,321:1:3,332:1:3,346:1:3,377:1:3,392:1:3,393:1:3,559:1:3,582:1:3,30:1:2,117:1:2,125:1:2,158:1:2,284:1:2,286:1:2,292:1:2,295:1:2,300:1:2,310:4:2,311:1:2,316:1:2,326:1:2,345:1:2,351:1:2,370:1:2,390:1:2,396:1:2,404:1:2,419:1:2,441:1:2,456:1:2,476:1:2,485:1:2,492:7:2,495:1:2,508:1:2,595:1:2,643:1:2,3:1:1,12:1:1,14:1:1,16:1:1,17:4:1,17:6:1,19:1:1,23:1:1,34:1:1,40:1:1,42:1:1,45:1:1,47:1:1,54:1:1,55:1:1,58:1:1,59:1:1,64:1:1,66:1:1,67:1:1,69:1:1,70:1:1,71:1:1,74:1:1,78:1:1,82:1:1,83:1:1,85:1:1,88:1:1,89:1:1,92:1:1,97:1:1,98:1:1,101:1:1,104:1:1,110:1:1,113:1:1,119:1:1,120:1:1,122:1:1,123:1:1,124:1:1,127:1:1,137:3:1,141:1:1,142:1:1,143:1:1,145:1:1,147:1:1,151:1:1,159:1:1,160:1:1,203:1:1,274:1:1,275:4:1,275:5:1,276:1:1,277:1:1,279:4:1,279:5:1,280:1:1,281:1:1,282:1:1,283:1:1,285:1:1,287:1:1,290:1:1,293:1:1,296:1:1,297:1:1,298:1:1,299:1:1,303:1:1,304:1:1,305:1:1,307:1:1,308:1:1,313:1:1,314:1:1,315:1:1,318:1:1,320:1:1,322:1:1,323:1:1,325:2:1,328:1:1,329:1:1,331:1:1,334:1:1,336:1:1,337:1:1,340:1:1,341:1:1,348:1:1,349:1:1,350:1:1,355:1:1,358:1:1,361:1:1,364:1:1,365:1:1,366:2:1,368:1:1,369:1:1,371:1:1,372:1:1,373:1:1,375:1:1,376:1:1,378:1:1,379:1:1,380:1:1,382:1:1,385:1:1,386:1:1,387:1:1,388:1:1,395:1:1,397:1:1,398:1:1,400:1:1,403:1:1,405:1:1,406:1:1,410:1:1,429:1:1,430:1:1,432:1:1,433:1:1,434:1:1,435:1:1,437:1:1,438:1:1,442:1:1,443:1:1,444:1:1,445:1:1,448:1:1,452:1:1,453:1:1,454:1:1,455:1:1,457:1:1,461:1:1,462:1:1,464:1:1,466:1:1,467:1:1,473:1:1,477:1:1,478:1:1,479:1:1,480:1:1,488:1:1,489:1:1,490:1:1,496:1:1,497:1:1,500:1:1,501:1:1,502:1:1,507:1:1,511:1:1,512:1:1,515:1:1,519:1:1,521:1:1,524:1:1,525:1:1,529:1:1,531:1:1,535:1:1,539:1:1,540:1:1,543:1:1,544:1:1,545:1:1,547:1:1,548:1:1,551:1:1,554:1:1,560:1:1,562:1:1,563:1:1,565:1:1,566:1:1,567:1:1,568:1:1,569:1:1,570:1:1,572:1:1,575:4:1,575:5:1,576:1:1,583:1:1,585:1:1,592:1:1,594:1:1,597:1:1,598:1:1,599:1:1,600:1:1,602:1:1,604:1:1,607:1:1,612:1:1,615:1:1,618:1:1,622:1:1,629:1:1,630:1:1,641:1:1,642:1:1,644:1:1,646:1:1,647:1:1,648:1:1,649:1:1,650:2:1,653:1:1,660:1:1,662:1:1,664:1:1,665:1:1,670:1:1,677:1:1,678:1:1,680:1:1,683:1:1,689:1:1,690:1:1,697:1:1,699:1:1,703:1:1,705:1:1,712:1:1,716:1:1,721:1:1,723:1:1,726:1:1,729:1:1,731:1:1,734:1:1,740:1:1,742:1:1,744:1:1,745:1:1,748:1:1,749:1:1,750:1:1,754:1:1
DNA-17308-CG001Qv51Next024-24_S24	chr19	4117563	GCTT	G	CG001v3.4.62	1952:0:587,1732:0:5,443:0:3,1024:0:3,1632:0:3,1753:0:3,1763:0:3,59:0:2,111:0:2,262:0:2,1470:0:2,1561:0:2,1777:0:2,1825:0:2,1950:0:2,2629:0:2,2:0:1,13:0:1,31:0:1,108:0:1,139:0:1,150:0:1,158:0:1,160:0:1,210:0:1,225:0:1,246:0:1,286:0:1,309:0:1,311:0:1,327:0:1,346:0:1,367:0:1,372:0:1,733:0:1,1451:0:1,1452:0:1,1485:0:1,1486:0:1,1516:0:1,1517:0:1,1540:0:1,1549:0:1,1582:0:1,1588:0:1,1624:0:1,1668:0:1,1684:0:1,1691:0:1,1700:0:1,1719:0:1,1757:0:1,1759:0:1,1800:0:1,1826:0:1,1872:0:1,1887:0:1,1944:0:1,1945:0:1,1947:0:1,1948:0:1,1949:0:1,1951:0:1,1953:0:1,1954:0:1,2146:0:1,2181:0:1,2204:0:1,2216:0:1,2220:0:1,2233:0:1,2254:0:1,2342:0:1,2359:0:1,2362:0:1,2375:0:1,2448:0:1,2467:0:1,2488:0:1,2497:0:1,2512:0:1,2517:0:1,2569:0:1,2722:0:1,2775:0:1,2803:0:1,2817:0:1,2824:0:1,2838:0:1,2974:0:1
DNA-17308-CG001Qv51Next024-24_S24	chr3	178936116	GT	C	CG001v5.0.59	385:1:9056,79:1:27,69:1:25,56:1:21,99:1:21,448:1:19,432:1:18,460:1:18,109:1:17,233:1:17,467:2:16,550:1:16,478:1:15,671:1:14,113:1:13,142:1:13,730:1:13,411:1:12,441:1:12,489:1:10,151:1:9,456:1:9,688:1:9,92:1:8,310:1:8,343:1:8,541:1:8,168:1:7,333:1:7,352:1:7,498:1:7,790:1:7,313:1:6,353:1:6,435:1:6,523:1:6,775:1:6,817:1:6,17:1:5,319:4:5,319:6:5,415:1:5,134:1:4,327:1:4,330:1:4,358:1:4,374:1:4,423:1:4,438:1:4,515:1:4,569:1:4,590:1:4,611:1:4,38:1:3,48:1:3,54:1:3,64:1:3,147:1:3,159:1:3,320:1:3,335:1:3,342:1:3,344:1:3,364:1:3,382:1:3,395:1:3,406:1:3,412:1:3,418:1:3,426:1:3,533:1:3,758:1:3,88:1:2,105:1:2,121:1:2,149:3:2,174:1:2,324:1:2,332:1:2,341:1:2,348:1:2,357:1:2,377:1:2,381:1:2,384:1:2,392:1:2,394:1:2,396:1:2,421:1:2,433:1:2,445:1:2,450:1:2,469:1:2,485:1:2,494:1:2,500:1:2,502:1:2,509:1:2,539:1:2,551:1:2,552:1:2,560:7:2,563:1:2,580:1:2,604:1:2,606:1:2,617:1:2,628:1:2,651:1:2,660:1:2,695:1:2,732:1:2,777:1:2,849:1:2,1:1:1,2:1:1,3:1:1,7:1:1,9:1:1,15:1:1,16:1:1,18:1:1,19:1:1,21:1:1,23:1:1,25:1:1,28:1:1,32:1:1,34:1:1,39:1:1,43:1:1,47:1:1,49:1:1,51:1:1,52:1:1,59:1:1,63:1:1,65:1:1,71:1:1,80:1:1,81:1:1,82:1:1,84:1:1,86:1:1,91:4:1,94:1:1,97:1:1,98:1:1,100:1:1,101:1:1,110:1:1,111:1:1,115:1:1,117:1:1,119:1:1,122:1:1,124:1:1,131:1:1,132:1:1,133:1:1,135:1:1,136:1:1,138:1:1,145:1:1,156:1:1,157:1:1,158:1:1,162:1:1,163:1:1,166:1:1,167:1:1,171:1:1,173:1:1,175:1:1,176:1:1,177:1:1,309:1:1,311:1:1,312:1:1,314:1:1,315:1:1,316:1:1,317:4:1,317:5:1,318:1:1,321:1:1,322:1:1,323:1:1,325:1:1,326:1:1,328:3:1,329:1:1,331:1:1,334:1:1,336:1:1,337:1:1,338:1:1,339:1:1,340:1:1,345:1:1,346:1:1,347:1:1,349:4:1,350:1:1,351:1:1,354:1:1,355:1:1,356:1:1,359:1:1,360:1:1,361:1:1,363:1:1,365:1:1,368:1:1,369:1:1,370:1:1,375:1:1,379:1:1,380:1:1,383:1:1,387:1:1,388:1:1,389:1:1,390:1:1,391:1:1,393:1:1,397:1:1,398:1:1,400:1:1,413:1:1,416:1:1,419:1:1,420:1:1,422:1:1,424:1:1,425:1:1,427:1:1,428:1:1,429:1:1,430:1:1,434:1:1,436:1:1,437:1:1,439:1:1,440:1:1,442:1:1,443:1:1,444:1:1,446:1:1,447:1:1,449:1:1,452:1:1,453:1:1,454:1:1,455:1:1,457:1:1,458:1:1,459:1:1,461:1:1,462:1:1,463:1:1,464:1:1,465:1:1,466:1:1,468:1:1,471:1:1,475:1:1,480:1:1,491:1:1,492:1:1,496:1:1,501:1:1,503:1:1,504:1:1,506:1:1,513:1:1,514:1:1,516:1:1,524:1:1,526:1:1,527:1:1,531:1:1,532:1:1,535:1:1,536:1:1,538:1:1,546:1:1,548:1:1,553:1:1,558:7:1,561:1:1,565:1:1,566:1:1,567:1:1,573:1:1,574:1:1,577:1:1,579:1:1,581:1:1,582:1:1,583:1:1,586:1:1,589:1:1,591:4:1,591:6:1,592:1:1,595:1:1,598:1:1,600:1:1,602:1:1,612:1:1,613:1:1,619:1:1,620:1:1,621:1:1,622:1:1,626:1:1,627:1:1,629:1:1,634:1:1,635:1:1,636:1:1,637:1:1,638:1:1,639:1:1,643:1:1,644:1:1,645:1:1,648:1:1,650:1:1,652:1:1,654:1:1,655:1:1,656:1:1,661:1:1,662:1:1,663:1:1,669:1:1,670:1:1,672:1:1,673:1:1,678:1:1,679:1:1,680:1:1,691:1:1,692:1:1,694:1:1,696:1:1,699:1:1,702:1:1,703:1:1,707:1:1,708:1:1,709:1:1,713:1:1,718:1:1,719:1:1,726:1:1,727:1:1,728:1:1,729:1:1,731:1:1,733:1:1,734:1:1,735:1:1,736:1:1,737:1:1,739:1:1,741:1:1,744:1:1,745:1:1,746:1:1,752:1:1,754:1:1,759:1:1,767:1:1,771:1:1,772:1:1,773:1:1,774:1:1,776:1:1,778:1:1,783:1:1,784:1:1,785:1:1,786:1:1,787:1:1,791:1:1,794:1:1,796:1:1,801:1:1,802:1:1,809:1:1,810:1:1,816:1:1,818:1:1,820:1:1,822:1:1,824:1:1,832:1:1,838:1:1,840:1:1,842:1:1,845:1:1,846:1:1,847:1:1,852:1:1,855:1:1,857:1:1,858:1:1,860:1:1,861:1:1,862:1:1
DNA-17661-CG001Qv51Next024-16_S16	chr19	4117563	GCTT	G	CG001v3.4.62	2039:0:770,2040:0:9,1655:0:8,1053:0:6,2516:0:4,1626:0:3,1863:0:3,2533:0:3,221:0:2,358:0:2,1464:0:2,1569:0:2,1588:0:2,1643:0:2,1701:0:2,1763:0:2,1824:0:2,1923:0:2,2037:0:2,2041:0:2,2399:0:2,2412:0:2,2565:0:2,2765:0:2,2875:0:2,19:0:1,30:0:1,105:0:1,153:0:1,172:0:1,243:0:1,277:0:1,294:0:1,320:0:1,440:0:1,441:0:1,545:0:1,571:0:1,585:0:1,1417:0:1,1455:0:1,1458:0:1,1477:0:1,1489:0:1,1498:0:1,1502:0:1,1509:0:1,1522:0:1,1574:0:1,1612:0:1,1621:0:1,1637:0:1,1669:0:1,1714:0:1,1717:0:1,1721:0:1,1743:0:1,1782:0:1,1788:0:1,1914:0:1,1947:0:1,1948:0:1,1949:0:1,2032:0:1,2034:0:1,2035:0:1,2036:0:1,2042:0:1,2043:0:1,2044:0:1,2285:0:1,2321:0:1,2330:0:1,2356:0:1,2376:0:1,2378:0:1,2387:0:1,2394:1:1,2421:0:1,2424:0:1,2438:0:1,2462:0:1,2470:0:1,2480:0:1,2502:0:1,2504:0:1,2515:0:1,2552:0:1,2718:0:1,2725:0:1,2754:0:1,2774:0:1,2846:0:1,2873:0:1,2952:0:1,2959:0:1,2964:0:1,3034:0:1,3035:0:1,3062:0:1,3100:0:1,3103:0:1
DNA-17661-CG001Qv51Next024-16_S16	chr7	55242465	GGAATTAAGAGAAGCA	G	CG001v3.4.20	403:0:38,30:0:1,65:0:1,70:0:1,113:0:1,140:0:1,274:0:1,402:0:1,404:0:1,694:0:1,798:0:1,804:0:1,898:0:1,961:0:1,980:0:1
DNA-17661-CG001Qv51Next024-16_S16	chr3	178936116	GT	C	CG001v5.0.59	282:1:6070,46:1:18,39:1:15,530:1:15,96:1:13,61:1:12,323:1:12,358:1:12,69:1:11,314:1:10,79:1:9,331:1:9,226:1:8,306:1:8,321:1:8,328:1:8,332:2:8,351:1:8,418:1:7,511:1:7,549:1:7,104:1:6,115:1:6,386:1:6,390:1:6,497:1:6,234:1:5,237:1:5,255:1:5,258:1:5,316:1:5,402:1:5,581:1:5,26:1:4,102:3:4,228:1:4,235:1:4,239:1:4,245:1:4,248:1:4,274:1:4,308:1:4,342:1:4,394:1:4,411:1:4,12:1:3,247:1:3,259:1:3,281:1:3,310:1:3,367:1:3,471:1:3,596:1:3,32:1:2,41:1:2,97:1:2,109:1:2,113:1:2,157:1:2,233:1:2,238:1:2,251:1:2,267:1:2,289:1:2,303:1:2,309:1:2,324:1:2,380:1:2,382:1:2,428:1:2,434:1:2,444:1:2,450:1:2,454:1:2,483:1:2,490:1:2,587:1:2,0:1:1,1:1:1,2:1:1,6:1:1,7:1:1,16:1:1,19:1:1,22:1:1,24:1:1,33:1:1,36:1:1,40:1:1,43:1:1,44:1:1,47:1:1,48:1:1,51:1:1,52:1:1,54:1:1,55:1:1,56:1:1,62:1:1,63:1:1,66:1:1,70:1:1,71:1:1,73:1:1,80:1:1,81:1:1,83:1:1,84:1:1,85:1:1,91:1:1,92:1:1,99:1:1,100:1:1,107:1:1,111:1:1,117:1:1,118:1:1,209:1:1,227:1:1,229:1:1,230:4:1,230:6:1,231:1:1,232:1:1,236:1:1,240:1:1,241:1:1,242:1:1,243:1:1,244:1:1,246:1:1,249:1:1,250:1:1,252:4:1,253:1:1,254:1:1,256:1:1,257:1:1,261:1:1,263:1:1,264:1:1,265:1:1,268:1:1,271:1:1,273:1:1,275:1:1,277:1:1,279:1:1,280:1:1,283:1:1,284:1:1,285:1:1,286:1:1,287:1:1,288:1:1,292:1:1,299:1:1,300:1:1,301:1:1,302:1:1,304:1:1,305:1:1,307:1:1,311:1:1,312:1:1,313:3:1,315:1:1,317:1:1,318:1:1,319:1:1,320:1:1,322:1:1,325:1:1,326:1:1,327:1:1,329:1:1,330:1:1,333:1:1,337:1:1,338:1:1,339:1:1,344:1:1,346:1:1,348:1:1,355:1:1,356:1:1,357:1:1,359:1:1,360:1:1,362:1:1,366:1:1,368:1:1,369:2:1,369:3:1,372:1:1,373:1:1,375:1:1,377:1:1,379:1:1,381:1:1,383:1:1,388:1:1,397:1:1,398:1:1,400:1:1,403:1:1,404:1:1,406:1:1,408:4:1,408:6:1,409:7:1,416:3:1,421:1:1,422:1:1,423:4:1,423:6:1,427:1:1,430:1:1,431:1:1,432:1:1,439:1:1,440:1:1,443:1:1,447:1:1,451:1:1,453:1:1,455:1:1,460:1:1,461:1:1,463:1:1,464:1:1,466:1:1,472:1:1,474:1:1,475:3:1,485:1:1,489:1:1,491:1:1,498:1:1,499:1:1,500:1:1,502:1:1,503:1:1,505:1:1,513:1:1,514:1:1,515:1:1,518:1:1,526:1:1,527:1:1,528:1:1,529:1:1,531:1:1,532:1:1,533:1:1,534:1:1,535:1:1,542:1:1,548:1:1,550:1:1,551:1:1,552:1:1,553:1:1,555:1:1,558:1:1,559:1:1,562:1:1,563:1:1,564:1:1,566:1:1,567:1:1,568:1:1,569:1:1,572:1:1,582:1:1,589:1:1,590:1:1,591:1:1,592:1:1,598:1:1,599:1:1,600:1:1,601:1:1
DNA-17661-CG001Qv51Next024-23_S23	chr12	25398298	CA	C	CG001v3.4.56	322:0:530,809:0:7,329:0:5,83:0:4,341:0:4,328:0:3,208:0:2,305:0:2,306:0:2,313:0:2,331:0:2,857:0:2,63:0:1,82:0:1,96:0:1,102:0:1,156:0:1,166:0:1,176:0:1,177:0:1,189:0:1,192:0:1,212:0:1,227:0:1,234:0:1,266:0:1,294:2:1,294:4:1,299:0:1,300:0:1,300:2:1,301:0:1,302:0:1,304:0:1,304:2:1,307:0:1,311:0:1,312:0:1,314:0:1,315:0:1,316:0:1,317:0:1,318:0:1,319:0:1,321:0:1,323:0:1,324:0:1,325:0:1,326:0:1,327:0:1,330:0:1,332:0:1,333:0:1,334:0:1,335:0:1,336:0:1,337:0:1,338:0:1,339:0:1,340:0:1,342:1:1,837:0:1,837:1:1,848:0:1,884:0:1,892:0:1,897:0:1,921:0:1,934:0:1,947:0:1,950:0:1,951:0:1,969:0:1,983:0:1,1008:0:1,1028:0:1
DNA-17661-CG001Qv51Next024-23_S23	chr12	25398299	A	GC	CG001v3.4.56	322:1:530,809:1:7,83:1:4,341:1:4,208:1:2,305:1:2,306:1:2,313:1:2,331:1:2,857:1:2,63:1:1,82:1:1,96:1:1,102:1:1,156:1:1,166:1:1,176:2:1,177:1:1,189:1:1,192:1:1,212:1:1,227:1:1,234:1:1,266:1:1,294:7:1,294:9:1,299:1:1,300:5:1,300:7:1,301:1:1,302:1:1,304:3:1,304:5:1,307:1:1,311:1:1,312:1:1,314:1:1,315:1:1,316:1:1,317:1:1,318:1:1,319:1:1,321:1:1,323:1:1,324:1:1,325:1:1,326:1:1,330:1:1,332:1:1,333:1:1,334:1:1,335:1:1,336:2:1,337:1:1,338:1:1,339:2:1,340:1:1,837:2:1,837:3:1,848:1:1,884:1:1,892:1:1,897:1:1,921:1:1,934:1:1,947:1:1,950:1:1,951:1:1,969:1:1,983:1:1,1008:1:1,1028:1:1
DNA-17661-CG001Qv51Next024-23_S23	chr12	25398297	C	CCG	CG001v3.4.56	322:0:530,809:0:7,83:0:4,341:0:4,208:0:2,305:0:2,306:0:2,313:0:2,331:0:2,857:0:2,63:0:1,82:0:1,96:0:1,102:0:1,156:0:1,166:0:1,176:0:1,177:0:1,189:0:1,192:0:1,212:0:1,227:0:1,234:0:1,266:0:1,294:2:1,294:4:1,299:0:1,300:0:1,300:2:1,301:0:1,302:0:1,304:0:1,304:2:1,307:0:1,311:0:1,312:0:1,314:0:1,315:0:1,316:0:1,317:0:1,318:0:1,319:0:1,321:0:1,323:0:1,324:0:1,325:0:1,326:0:1,330:0:1,332:0:1,333:0:1,334:0:1,335:0:1,336:0:1,337:0:1,338:0:1,339:0:1,340:0:1,837:0:1,837:1:1,848:0:1,884:0:1,892:0:1,897:0:1,921:0:1,934:0:1,947:0:1,950:0:1,951:0:1,969:0:1,983:0:1,1008:0:1,1028:0:1
DNA-17661-CG001Qv51Next024-23_S23	chr12	25398298	CA	C	CG001v5.0.57	924:0:5589,70:2:26,972:0:17,879:0:13,841:0:12,841:2:12,912:0:11,903:0:10,955:0:10,899:0:9,952:0:9,874:0:8,994:0:8,1075:0:8,860:0:7,863:0:7,863:2:7,963:0:7,79:0:6,877:0:6,947:0:6,960:0:6,962:0:6,987:0:6,1002:0:6,54:0:5,801:0:5,847:0:5,869:0:5,932:0:5,948:0:5,966:0:5,990:0:5,883:0:4,922:0:4,930:0:4,940:0:4,941:0:4,968:0:4,974:0:4,988:0:4,989:0:4,849:0:3,900:0:3,919:0:3,921:0:3,950:0:3,984:0:3,995:0:3,996:0:3,1036:0:3,57:0:2,857:0:2,885:0:2,887:0:2,902:0:2,907:0:2,915:0:2,923:0:2,926:0:2,931:0:2,938:0:2,956:0:2,969:0:2,970:0:2,973:0:2,978:0:2,983:0:2,997:0:2,999:0:2,8:0:1,10:0:1,11:0:1,13:0:1,14:0:1,15:0:1,26:0:1,29:0:1,36:0:1,41:0:1,71:2:1,74:0:1,75:0:1,76:0:1,81:0:1,454:0:1,713:0:1,800:0:1,802:0:1,826:0:1,827:0:1,828:0:1,829:0:1,836:0:1,837:0:1,840:0:1,842:0:1,843:0:1,844:0:1,846:0:1,848:0:1,850:0:1,851:2:1,851:3:1,852:0:1,853:0:1,854:0:1,855:0:1,856:0:1,861:0:1,862:0:1,864:0:1,864:2:1,865:0:1,865:2:1,866:0:1,867:0:1,868:0:1,870:0:1,871:0:1,872:0:1,875:0:1,876:0:1,878:0:1,880:0:1,881:0:1,882:0:1,884:0:1,886:0:1,888:0:1,889:0:1,893:0:1,894:0:1,896:0:1,897:0:1,898:0:1,901:0:1,904:0:1,905:0:1,906:0:1,908:0:1,909:0:1,910:0:1,911:0:1,913:0:1,914:0:1,916:0:1,917:0:1,920:0:1,925:0:1,927:0:1,928:0:1,929:0:1,933:0:1,934:0:1,935:0:1,936:0:1,937:0:1,939:0:1,942:0:1,943:0:1,945:0:1,949:0:1,951:0:1,953:0:1,954:0:1,957:0:1,958:0:1,959:0:1,961:0:1,964:0:1,965:0:1,967:0:1,971:0:1,975:0:1,976:0:1,977:0:1,979:0:1,980:0:1,981:0:1,982:0:1,985:0:1,991:0:1,992:0:1,993:0:1,1000:0:1,1001:0:1,1007:2:1,1011:0:1,1012:0:1,1033:0:1,1041:0:1,1076:0:1,1077:0:1,1078:0:1,1079:0:1,1087:0:1,1092:0:1,1095:0:1,1108:0:1,1109:0:1,1111:0:1,1114:2:1,1117:0:1,1124:0:1,1135:0:1,1136:0:1,1138:0:1,1144:0:1
DNA-17661-CG001Qv51Next024-23_S23	chr12	25398299	A	GC	CG001v5.0.57	924:1:5589,70:7:26,972:1:17,879:1:13,841:5:12,841:7:12,912:1:11,903:1:10,955:1:10,899:1:9,952:1:9,874:1:8,994:1:8,1075:1:8,860:1:7,863:3:7,863:5:7,963:1:7,79:1:6,877:1:6,960:1:6,962:1:6,987:2:6,1002:2:6,54:1:5,801:1:5,847:1:5,869:1:5,932:1:5,966:1:5,990:1:5,883:1:4,922:1:4,930:1:4,940:1:4,941:1:4,968:1:4,974:1:4,988:2:4,989:1:4,849:1:3,900:1:3,919:1:3,921:1:3,950:1:3,984:1:3,995:1:3,996:1:3,1036:1:3,57:1:2,857:1:2,885:1:2,887:1:2,902:1:2,907:1:2,915:1:2,923:1:2,926:1:2,931:1:2,938:1:2,956:1:2,969:1:2,970:1:2,973:1:2,978:1:2,983:1:2,997:1:2,999:1:2,8:1:1,10:1:1,11:1:1,13:1:1,14:1:1,15:1:1,26:1:1,29:1:1,36:1:1,41:1:1,74:1:1,75:1:1,76:1:1,81:1:1,454:1:1,713:1:1,800:1:1,802:1:1,826:1:1,827:1:1,828:1:1,829:1:1,836:1:1,837:1:1,840:1:1,842:1:1,843:1:1,844:1:1,846:1:1,848:1:1,850:1:1,851:6:1,851:7:1,852:1:1,853:1:1,854:1:1,855:1:1,856:1:1,861:1:1,862:2:1,864:3:1,864:5:1,865:3:1,865:5:1,866:1:1,867:1:1,868:1:1,871:1:1,872:2:1,875:1:1,876:1:1,878:1:1,880:1:1,881:1:1,882:1:1,884:1:1,886:1:1,888:1:1,893:1:1,894:1:1,896:1:1,897:1:1,898:1:1,901:1:1,904:1:1,905:1:1,906:1:1,908:1:1,909:1:1,910:1:1,911:1:1,913:1:1,914:1:1,916:1:1,917:1:1,920:1:1,925:1:1,927:1:1,928:1:1,929:1:1,933:1:1,934:1:1,935:1:1,936:1:1,937:1:1,939:1:1,942:1:1,943:1:1,945:1:1,949:1:1,953:1:1,954:1:1,957:1:1,958:1:1,959:1:1,961:1:1,964:1:1,965:1:1,967:1:1,971:1:1,975:1:1,976:1:1,977:1:1,979:1:1,980:1:1,981:1:1,982:1:1,985:2:1,991:1:1,992:1:1,993:1:1,1000:1:1,1001:1:1,1007:7:1,1011:1:1,1012:1:1,1033:1:1,1041:1:1,1076:1:1,1078:1:1,1079:1:1,1087:1:1,1092:1:1,1095:1:1,1108:1:1,1109:1:1,1111:1:1,1114:6:1,1117:1:1,1124:1:1,1135:1:1,1136:1:1,1138:1:1,1144:1:1
DNA-17661-CG001Qv51Next024-23_S23	chr12	25398297	C	CCG	CG001v5.0.57	924:0:5589,70:2:26,972:0:17,879:0:13,841:0:12,841:2:12,912:0:11,903:0:10,955:0:10,899:0:9,952:0:9,874:0:8,994:0:8,1075:0:8,860:0:7,863:0:7,863:2:7,963:0:7,79:0:6,877:0:6,960:0:6,962:0:6,987:0:6,1002:0:6,54:0:5,801:0:5,847:0:5,869:0:5,932:0:5,966:0:5,990:0:5,883:0:4,922:0:4,930:0:4,940:0:4,941:0:4,968:0:4,974:0:4,988:0:4,989:0:4,849:0:3,900:0:3,919:0:3,921:0:3,950:0:3,984:0:3,995:0:3,996:0:3,1036:0:3,57:0:2,857:0:2,885:0:2,887:0:2,902:0:2,907:0:2,915:0:2,923:0:2,926:0:2,931:0:2,938:0:2,956:0:2,969:0:2,970:0:2,973:0:2,978:0:2,983:0:2,997:0:2,999:0:2,8:0:1,10:0:1,11:0:1,13:0:1,14:0:1,15:0:1,26:0:1,29:0:1,36:0:1,41:0:1,74:0:1,75:0:1,76:0:1,81:0:1,454:0:1,713:0:1,800:0:1,802:0:1,826:0:1,827:0:1,828:0:1,829:0:1,836:0:1,837:0:1,840:0:1,842:0:1,843:0:1,844:0:1,846:0:1,848:0:1,850:0:1,851:2:1,851:3:1,852:0:1,853:0:1,854:0:1,855:0:1,856:0:1,861:0:1,862:0:1,864:0:1,864:2:1,865:0:1,865:2:1,866:0:1,867:0:1,868:0:1,871:0:1,872:0:1,875:0:1,876:0:1,878:0:1,880:0:1,881:0:1,882:0:1,884:0:1,886:0:1,888:0:1,893:0:1,894:0:1,896:0:1,897:0:1,898:0:1,901:0:1,904:0:1,905:0:1,906:0:1,908:0:1,909:0:1,910:0:1,911:0:1,913:0:1,914:0:1,916:0:1,917:0:1,920:0:1,925:0:1,927:0:1,928:0:1,929:0:1,933:0:1,934:0:1,935:0:1,936:0:1,937:0:1,939:0:1,942:0:1,943:0:1,945:0:1,949:0:1,953:0:1,954:0:1,957:0:1,958:0:1,959:0:1,961:0:1,964:0:1,965:0:1,967:0:1,971:0:1,975:0:1,976:0:1,977:0:1,979:0:1,980:0:1,981:0:1,982:0:1,985:0:1,991:0:1,992:0:1,993:0:1,1000:0:1,1001:0:1,1007:2:1,1011:0:1,1012:0:1,1033:0:1,1041:0:1,1076:0:1,1078:0:1,1079:0:1,1087:0:1,1092:0:1,1095:0:1,1108:0:1,1109:0:1,1111:0:1,1114:2:1,1117:0:1,1124:0:1,1135:0:1,1136:0:1,1138:0:1,1144:0:1
DNA-17661-CG001Qv51Next024-23_S23	chr19	4117563	GCTT	G	CG001v3.4.62	1969:0:669,1967:0:6,1971:0:6,1515:0:4,2296:0:4,1861:0:3,2267:0:3,2455:0:3,2580:0:3,1579:0:2,1657:0:2,1719:0:2,1968:0:2,1972:0:2,2305:0:2,2349:0:2,2441:0:2,18:0:1,68:0:1,84:0:1,113:0:1,116:0:1,126:0:1,143:0:1,156:0:1,228:0:1,247:0:1,279:0:1,280:0:1,368:0:1,392:0:1,402:0:1,452:0:1,482:0:1,485:0:1,486:0:1,564:0:1,1450:0:1,1456:0:1,1493:0:1,1497:0:1,1500:0:1,1529:0:1,1538:0:1,1541:0:1,1557:0:1,1563:0:1,1568:0:1,1601:0:1,1617:0:1,1682:0:1,1710:0:1,1716:0:1,1718:0:1,1737:0:1,1748:0:1,1780:0:1,1781:0:1,1812:0:1,1813:0:1,1860:0:1,1882:0:1,1883:0:1,1884:0:1,1961:0:1,1962:0:1,1963:0:1,1964:0:1,1966:0:1,1970:0:1,1973:0:1,2211:0:1,2234:0:1,2235:0:1,2251:0:1,2253:0:1,2259:0:1,2285:0:1,2329:0:1,2391:0:1,2402:0:1,2412:0:1,2433:0:1,2514:0:1,2521:0:1,2532:0:1,2556:0:1,2586:0:1,2631:0:1,2737:0:1,2766:0:1,2775:0:1,2802:0:1,2816:0:1,2847:0:1,2933:0:1
DNA-17661-CG001Qv51Next024-23_S23	chr7	55228052	TA	T	CG001v4.0.50	116:0:18,120:0:5,115:0:1,117:1:1,122:0:1,123:0:1,126:0:1,207:0:1,239:0:1,256:0:1,359:3:1
DNA-17661-CG001Qv51Next024-23_S23	chr3	178936116	GT	C	CG001v5.0.59	289:1:5913,32:1:19,46:1:18,58:1:18,320:1:16,332:1:16,342:1:13,66:1:12,164:1:11,368:1:11,76:1:9,233:1:9,325:1:9,513:1:9,340:1:8,477:1:8,265:1:7,377:1:7,395:1:7,542:1:7,247:1:6,359:1:6,399:1:6,498:1:6,88:1:5,93:1:5,236:1:5,269:1:5,272:1:5,310:1:5,336:1:5,415:1:5,17:1:4,55:1:4,100:1:4,239:1:4,277:1:4,311:1:4,315:1:4,322:1:4,352:1:4,612:1:4,81:1:3,111:1:3,228:1:3,230:1:3,249:1:3,260:1:3,283:1:3,287:1:3,288:1:3,296:1:3,304:1:3,314:1:3,317:1:3,324:1:3,388:1:3,413:1:3,434:1:3,444:1:3,455:1:3,578:1:3,28:1:2,40:1:2,73:1:2,96:1:2,107:1:2,241:1:2,251:1:2,254:1:2,262:1:2,270:1:2,271:1:2,278:1:2,279:1:2,280:1:2,282:1:2,285:1:2,309:1:2,318:1:2,321:1:2,323:1:2,326:1:2,327:1:2,334:1:2,339:1:2,345:1:2,346:2:2,383:1:2,411:1:2,417:1:2,479:1:2,538:1:2,562:1:2,595:1:2,637:1:2,0:1:1,9:1:1,10:1:1,14:1:1,15:1:1,24:1:1,27:1:1,33:1:1,35:1:1,36:1:1,38:1:1,43:1:1,49:1:1,50:1:1,51:1:1,59:1:1,60:2:1,62:1:1,63:1:1,68:1:1,69:1:1,71:1:1,75:1:1,78:1:1,79:1:1,86:1:1,87:1:1,90:1:1,99:1:1,101:2:1,102:1:1,105:3:1,106:1:1,112:1:1,113:1:1,229:1:1,231:4:1,231:5:1,232:4:1,232:6:1,234:1:1,235:1:1,237:1:1,238:3:1,240:1:1,242:1:1,243:1:1,244:1:1,245:1:1,246:1:1,248:1:1,250:1:1,252:1:1,253:1:1,255:1:1,256:1:1,257:1:1,258:1:1,259:1:1,261:1:1,263:1:1,264:1:1,266:1:1,267:1:1,268:1:1,273:1:1,274:1:1,276:1:1,286:1:1,290:1:1,291:1:1,292:1:1,293:1:1,294:1:1,297:1:1,302:1:1,303:1:1,308:1:1,312:1:1,313:1:1,316:1:1,319:1:1,328:1:1,329:1:1,330:1:1,331:1:1,333:1:1,337:1:1,338:1:1,341:1:1,343:1:1,344:1:1,347:4:1,347:5:1,348:1:1,361:1:1,366:1:1,367:1:1,369:1:1,370:1:1,371:1:1,372:1:1,374:1:1,381:1:1,384:1:1,386:1:1,393:1:1,398:1:1,400:1:1,401:1:1,402:1:1,403:1:1,404:1:1,405:1:1,407:1:1,409:1:1,410:1:1,421:1:1,425:1:1,426:1:1,427:1:1,428:1:1,431:1:1,432:1:1,438:1:1,439:1:1,440:1:1,449:1:1,453:1:1,454:1:1,456:1:1,461:1:1,462:1:1,465:1:1,468:1:1,469:1:1,470:1:1,471:1:1,472:1:1,476:1:1,478:1:1,487:1:1,488:1:1,490:1:1,491:1:1,499:1:1,501:1:1,503:1:1,504:1:1,507:1:1,514:1:1,515:1:1,518:1:1,523:1:1,524:1:1,526:1:1,527:1:1,528:1:1,529:1:1,530:1:1,537:1:1,539:1:1,540:1:1,541:1:1,543:1:1,544:1:1,545:1:1,546:1:1,554:1:1,556:1:1,557:1:1,559:1:1,563:1:1,564:1:1,566:1:1,568:1:1,573:1:1,574:1:1,575:1:1,576:1:1,577:1:1,579:1:1,580:1:1,581:1:1,582:1:1,585:1:1,586:1:1,588:1:1,590:1:1,593:1:1,600:1:1,603:1:1,604:1:1,609:1:1,611:1:1,613:1:1,614:1:1,620:1:1,623:1:1,624:1:1,627:1:1,628:1:1,630:1:1,633:1:1,644:1:1
DNA-17661-CG001Qv51Next024-9_S9	chr12	25398298	CA	C	CG001v3.4.56	298:0:442,754:0:4,174:0:2,792:0:2,0:0:1,4:0:1,39:0:1,41:0:1,96:0:1,114:0:1,131:0:1,135:0:1,181:0:1,190:0:1,228:0:1,240:0:1,242:0:1,261:0:1,284:0:1,285:0:1,285:2:1,286:0:1,287:0:1,288:0:1,289:0:1,290:0:1,291:0:1,292:0:1,293:0:1,294:0:1,295:0:1,296:0:1,297:0:1,300:0:1,301:0:1,302:0:1,303:0:1,304:0:1,305:0:1,306:0:1,307:0:1,309:0:1,814:0:1,842:0:1,843:0:1,887:0:1,916:0:1,928:0:1,933:0:1,938:0:1,954:0:1,958:0:1,983:0:1,984:0:1,1005:0:1,1015:0:1,1028:0:1,1044:0:1,1048:0:1
DNA-17661-CG001Qv51Next024-9_S9	chr12	25398299	A	GC	CG001v3.4.56	298:1:442,754:1:4,174:1:2,792:2:2,0:1:1,4:1:1,39:1:1,41:1:1,96:1:1,114:1:1,131:1:1,135:1:1,181:1:1,190:1:1,228:1:1,240:1:1,242:1:1,261:1:1,284:1:1,285:5:1,285:7:1,286:1:1,287:1:1,288:1:1,289:1:1,290:1:1,291:1:1,292:1:1,293:1:1,294:1:1,295:1:1,296:1:1,297:1:1,300:1:1,301:1:1,302:1:1,303:1:1,304:1:1,305:2:1,306:1:1,307:1:1,309:1:1,814:1:1,842:1:1,843:1:1,887:2:1,916:1:1,928:1:1,933:1:1,938:1:1,954:1:1,958:1:1,983:1:1,984:1:1,1005:1:1,1015:1:1,1028:1:1,1044:1:1,1048:1:1
DNA-17661-CG001Qv51Next024-9_S9	chr12	25398297	C	CCG	CG001v3.4.56	298:0:442,754:0:4,174:0:2,792:0:2,0:0:1,4:0:1,39:0:1,41:0:1,96:0:1,114:0:1,131:0:1,135:0:1,181:0:1,190:0:1,228:0:1,240:0:1,242:0:1,261:0:1,284:0:1,285:0:1,285:2:1,286:0:1,287:0:1,288:0:1,289:0:1,290:0:1,291:0:1,292:0:1,293:0:1,294:0:1,295:0:1,296:0:1,297:0:1,300:0:1,301:0:1,302:0:1,303:0:1,304:0:1,305:0:1,306:0:1,307:0:1,309:0:1,814:0:1,842:0:1,843:0:1,887:0:1,916:0:1,928:0:1,933:0:1,938:0:1,954:0:1,958:0:1,983:0:1,984:0:1,1005:0:1,1015:0:1,1028:0:1,1044:0:1,1048:0:1
DNA-17661-CG001Qv51Next024-9_S9	chr12	25398298	CA	C	CG001v5.0.57	799:0:4825,855:0:22,59:2:15,848:0:15,882:0:14,678:0:13,853:0:13,717:0:9,717:2:9,785:0:9,755:0:8,758:0:8,840:0:8,897:0:7,776:0:6,813:0:6,778:0:5,797:0:5,817:0:5,832:0:5,857:0:5,868:0:5,728:0:4,740:0:4,740:2:4,742:0:4,763:0:4,782:0:4,788:0:4,796:0:4,821:0:4,842:0:4,865:0:4,878:0:4,74:0:3,727:0:3,737:0:3,761:0:3,770:0:3,781:0:3,786:0:3,880:0:3,955:0:3,8:0:2,46:0:2,719:0:2,725:0:2,733:0:2,773:0:2,784:0:2,795:0:2,798:0:2,800:0:2,810:0:2,820:0:2,847:0:2,850:0:2,859:0:2,860:0:2,874:0:2,895:0:2,900:0:2,935:0:2,1025:0:2,2:0:1,9:0:1,10:0:1,17:0:1,17:2:1,18:0:1,23:0:1,37:0:1,44:0:1,45:0:1,47:0:1,48:0:1,49:0:1,58:2:1,60:2:1,69:0:1,70:0:1,71:0:1,72:0:1,389:0:1,578:0:1,613:0:1,709:0:1,710:0:1,711:0:1,716:0:1,718:0:1,720:0:1,721:0:1,722:0:1,723:0:1,726:0:1,729:0:1,730:0:1,731:0:1,732:0:1,734:0:1,736:0:1,738:0:1,739:0:1,739:2:1,741:0:1,741:2:1,743:0:1,744:0:1,745:0:1,747:0:1,748:0:1,749:0:1,751:0:1,752:0:1,753:0:1,754:0:1,756:0:1,757:0:1,759:0:1,760:0:1,762:0:1,764:0:1,766:0:1,767:0:1,769:0:1,771:0:1,772:0:1,774:0:1,775:0:1,777:0:1,779:0:1,780:0:1,783:0:1,787:0:1,789:0:1,790:0:1,792:0:1,793:0:1,794:0:1,801:0:1,802:0:1,803:0:1,805:0:1,806:0:1,807:0:1,808:0:1,809:0:1,811:0:1,812:0:1,815:0:1,816:0:1,818:0:1,819:0:1,822:0:1,825:0:1,830:0:1,831:0:1,833:0:1,834:0:1,835:0:1,836:0:1,837:0:1,838:0:1,841:0:1,843:0:1,844:0:1,845:0:1,846:0:1,849:0:1,851:0:1,852:0:1,854:0:1,856:0:1,858:0:1,861:0:1,862:0:1,863:0:1,864:0:1,866:0:1,867:0:1,869:0:1,870:0:1,871:0:1,872:0:1,873:0:1,875:0:1,876:0:1,877:0:1,879:0:1,881:0:1,883:0:1,884:0:1,885:0:1,886:0:1,887:0:1,888:0:1,889:0:1,890:0:1,891:0:1,892:0:1,893:0:1,894:0:1,896:0:1,898:0:1,899:0:1,907:0:1,921:0:1,923:0:1,924:0:1,928:0:1,952:0:1,953:0:1,954:0:1,956:0:1,958:0:1,960:0:1,964:0:1,965:0:1,976:0:1,995:0:1,996:0:1,998:0:1,999:0:1,1010:0:1,1027:0:1
DNA-17661-CG001Qv51Next024-9_S9	chr12	25398299	A	GC	CG001v5.0.57	799:1:4825,855:1:22,59:7:15,848:1:15,882:2:14,678:1:13,853:1:13,717:5:9,717:7:9,785:1:9,755:1:8,758:1:8,840:1:8,897:1:7,776:1:6,813:1:6,778:1:5,797:1:5,817:1:5,857:1:5,868:1:5,728:1:4,740:3:4,740:5:4,742:1:4,763:1:4,782:1:4,788:1:4,796:1:4,821:1:4,842:1:4,865:1:4,878:1:4,74:1:3,727:1:3,737:1:3,761:1:3,770:1:3,781:1:3,786:1:3,880:1:3,955:1:3,8:1:2,46:1:2,719:1:2,725:1:2,733:1:2,773:1:2,784:1:2,795:1:2,798:1:2,800:1:2,810:1:2,820:1:2,847:1:2,850:1:2,859:1:2,860:1:2,874:1:2,895:1:2,900:2:2,935:1:2,1025:1:2,2:1:1,9:1:1,10:1:1,17:3:1,17:5:1,18:1:1,23:1:1,37:1:1,44:1:1,45:1:1,47:1:1,49:1:1,58:7:1,60:7:1,69:1:1,70:1:1,71:1:1,72:1:1,578:1:1,613:1:1,709:1:1,710:1:1,711:1:1,716:1:1,718:1:1,720:1:1,721:1:1,722:1:1,723:1:1,726:1:1,729:1:1,730:1:1,731:1:1,732:1:1,734:1:1,736:1:1,738:1:1,739:3:1,739:5:1,741:3:1,741:5:1,743:1:1,744:4:1,745:1:1,747:1:1,748:1:1,749:1:1,751:1:1,752:1:1,753:1:1,754:1:1,756:1:1,757:1:1,759:1:1,760:1:1,762:1:1,764:1:1,767:1:1,769:1:1,771:1:1,772:1:1,774:1:1,775:1:1,777:1:1,779:1:1,780:1:1,783:1:1,787:1:1,789:1:1,790:1:1,792:1:1,793:1:1,794:1:1,801:1:1,802:1:1,803:1:1,805:1:1,806:1:1,807:1:1,808:1:1,809:1:1,811:1:1,812:1:1,815:1:1,816:1:1,818:1:1,819:1:1,822:1:1,825:1:1,831:1:1,833:1:1,834:1:1,837:1:1,838:1:1,841:1:1,843:2:1,844:1:1,845:1:1,846:1:1,849:1:1,851:1:1,852:1:1,854:1:1,856:1:1,858:1:1,861:1:1,862:1:1,863:1:1,864:1:1,866:1:1,867:1:1,869:1:1,870:1:1,871:1:1,872:1:1,873:1:1,875:1:1,876:1:1,877:1:1,879:1:1,881:1:1,883:2:1,884:1:1,885:1:1,886:1:1,887:1:1,888:1:1,889:1:1,890:1:1,891:1:1,892:2:1,893:1:1,894:1:1,896:1:1,898:1:1,899:1:1,907:1:1,921:1:1,923:1:1,924:1:1,928:1:1,952:1:1,953:1:1,954:1:1,956:1:1,958:1:1,964:1:1,965:1:1,976:1:1,995:1:1,996:1:1,998:1:1,999:1:1,1010:1:1,1027:1:1
DNA-17661-CG001Qv51Next024-9_S9	chr12	25398297	C	CCG	CG001v5.0.57	799:0:4825,855:0:22,59:2:15,848:0:15,882:0:14,678:0:13,853:0:13,717:0:9,717:2:9,785:0:9,755:0:8,758:0:8,840:0:8,897:0:7,776:0:6,813:0:6,778:0:5,797:0:5,817:0:5,857:0:5,868:0:5,728:0:4,740:0:4,740:2:4,742:0:4,763:0:4,782:0:4,788:0:4,796:0:4,821:0:4,842:0:4,865:0:4,878:0:4,74:0:3,727:0:3,737:0:3,761:0:3,770:0:3,781:0:3,786:0:3,880:0:3,955:0:3,8:0:2,46:0:2,719:0:2,725:0:2,733:0:2,768:0:2,773:0:2,784:0:2,795:0:2,798:0:2,800:0:2,810:0:2,820:0:2,847:0:2,850:0:2,859:0:2,860:0:2,874:0:2,895:0:2,900:0:2,935:0:2,1025:0:2,2:0:1,9:0:1,10:0:1,17:0:1,17:2:1,18:0:1,23:0:1,37:0:1,44:0:1,45:0:1,47:0:1,49:0:1,58:2:1,60:2:1,69:0:1,70:0:1,71:0:1,72:0:1,578:0:1,613:0:1,709:0:1,710:0:1,711:0:1,716:0:1,718:0:1,720:0:1,721:0:1,722:0:1,723:0:1,726:0:1,729:0:1,730:0:1,731:0:1,732:0:1,734:0:1,736:0:1,738:0:1,739:0:1,739:2:1,741:0:1,741:2:1,743:0:1,744:0:1,745:0:1,747:0:1,748:0:1,749:0:1,751:0:1,752:0:1,753:0:1,754:0:1,756:0:1,757:0:1,759:0:1,760:0:1,762:0:1,764:0:1,767:0:1,769:0:1,771:0:1,772:0:1,774:0:1,775:0:1,777:0:1,779:0:1,780:0:1,783:0:1,787:0:1,789:0:1,790:0:1,792:0:1,793:0:1,794:0:1,801:0:1,802:0:1,803:0:1,805:0:1,806:0:1,807:0:1,808:0:1,809:0:1,811:0:1,812:0:1,815:0:1,816:0:1,818:0:1,819:0:1,822:0:1,823:0:1,824:0:1,825:0:1,831:0:1,833:0:1,834:0:1,837:0:1,838:0:1,841:0:1,843:0:1,844:0:1,845:0:1,846:0:1,849:0:1,851:0:1,852:0:1,854:0:1,856:0:1,858:0:1,861:0:1,862:0:1,863:0:1,864:0:1,866:0:1,867:0:1,869:0:1,870:0:1,871:0:1,872:0:1,873:0:1,875:0:1,876:0:1,877:0:1,879:0:1,881:0:1,883:0:1,884:0:1,885:0:1,886:0:1,887:0:1,888:0:1,889:0:1,890:0:1,891:0:1,892:0:1,893:0:1,894:0:1,896:0:1,898:0:1,899:0:1,907:0:1,921:0:1,923:0:1,924:0:1,928:0:1,952:0:1,953:0:1,954:0:1,956:0:1,958:0:1,964:0:1,965:0:1,976:0:1,995:0:1,996:0:1,998:0:1,999:0:1,1010:0:1,1027:0:1
DNA-17661-CG001Qv51Next024-9_S9	chr19	4117563	GCTT	G	CG001v3.4.62	1817:0:564,1373:0:7,1304:0:6,1816:0:4,341:0:3,1644:0:3,1814:0:3,1815:0:3,2348:0:3,128:0:2,230:0:2,1503:0:2,1818:0:2,1819:0:2,2068:0:2,2120:0:2,2180:0:2,2200:0:2,2246:0:2,2437:0:2,73:0:1,78:0:1,117:0:1,148:0:1,213:0:1,263:0:1,372:0:1,408:0:1,412:0:1,458:0:1,895:0:1,1269:0:1,1322:0:1,1334:0:1,1357:0:1,1374:0:1,1395:0:1,1396:0:1,1413:0:1,1439:0:1,1457:0:1,1491:0:1,1492:0:1,1496:0:1,1502:0:1,1510:0:1,1550:0:1,1573:0:1,1583:0:1,1586:0:1,1642:0:1,1643:0:1,1699:0:1,1704:0:1,1731:0:1,1732:0:1,1797:0:1,1808:0:1,1812:0:1,1813:0:1,1820:0:1,2036:0:1,2055:0:1,2131:0:1,2143:0:1,2215:0:1,2217:0:1,2245:0:1,2309:0:1,2392:0:1,2422:0:1,2450:0:1,2465:0:1,2483:0:1,2521:0:1,2538:0:1,2543:0:1,2565:0:1,2586:0:1,2594:0:1,2617:0:1,2620:0:1,2634:0:1,2756:0:1
DNA-17661-CG001Qv51Next024-9_S9	chr3	178936116	GT	C	CG001v5.0.59	292:1:6324,38:1:24,47:1:19,100:1:16,340:1:16,312:1:15,57:1:14,71:1:14,234:4:11,234:6:11,322:1:11,370:1:11,524:1:11,110:1:9,239:1:8,267:1:8,374:1:8,392:1:8,496:1:8,10:1:7,249:1:7,318:1:7,335:1:7,358:1:7,546:1:7,80:1:6,286:1:6,346:1:6,350:2:6,563:1:6,94:1:5,242:1:5,282:1:5,289:1:5,299:1:5,344:1:5,365:1:5,407:1:5,416:1:5,506:1:5,170:1:4,247:1:4,250:1:4,266:1:4,269:1:4,315:1:4,328:1:4,399:1:4,453:1:4,523:1:4,87:1:3,232:1:3,236:1:3,256:1:3,261:1:3,274:1:3,290:1:3,320:1:3,326:1:3,455:1:3,601:1:3,44:1:2,69:1:2,83:1:2,84:1:2,114:1:2,251:1:2,259:1:2,263:1:2,264:1:2,281:1:2,283:1:2,284:1:2,287:1:2,293:1:2,298:1:2,306:1:2,324:1:2,325:1:2,336:1:2,341:1:2,359:2:2,362:1:2,412:1:2,478:1:2,480:1:2,538:1:2,5:1:1,11:1:1,16:1:1,17:1:1,18:1:1,19:1:1,20:1:1,23:1:1,24:1:1,30:1:1,31:1:1,33:1:1,34:1:1,35:1:1,36:1:1,39:1:1,42:1:1,48:1:1,49:1:1,50:1:1,54:1:1,58:1:1,59:1:1,60:1:1,65:1:1,67:1:1,72:1:1,73:1:1,74:1:1,75:1:1,76:1:1,77:1:1,92:1:1,93:1:1,95:1:1,97:1:1,101:1:1,103:1:1,113:1:1,117:1:1,118:1:1,228:1:1,229:1:1,230:1:1,231:1:1,233:4:1,233:5:1,237:1:1,238:1:1,241:1:1,243:1:1,244:1:1,245:1:1,246:1:1,248:1:1,252:1:1,253:1:1,254:1:1,255:1:1,257:1:1,258:1:1,260:1:1,262:1:1,265:4:1,268:1:1,270:1:1,271:1:1,272:1:1,275:1:1,276:1:1,277:1:1,279:1:1,280:1:1,291:1:1,295:1:1,296:1:1,301:1:1,307:1:1,311:1:1,313:1:1,314:1:1,316:1:1,317:1:1,319:1:1,321:1:1,323:1:1,327:1:1,329:1:1,330:1:1,331:1:1,332:1:1,333:1:1,334:1:1,337:1:1,338:1:1,339:1:1,342:1:1,343:1:1,345:1:1,347:4:1,347:6:1,348:1:1,349:2:1,351:1:1,352:1:1,356:1:1,363:1:1,366:1:1,371:1:1,375:1:1,378:1:1,380:1:1,383:1:1,384:1:1,385:1:1,394:1:1,395:1:1,396:1:1,402:1:1,403:1:1,408:1:1,410:1:1,417:1:1,419:1:1,420:1:1,421:7:1,422:1:1,424:1:1,425:1:1,428:1:1,429:1:1,430:1:1,431:1:1,434:1:1,437:1:1,438:1:1,440:1:1,444:1:1,445:1:1,446:3:1,456:1:1,460:1:1,461:1:1,462:1:1,463:1:1,466:1:1,467:4:1,467:6:1,468:1:1,469:1:1,472:1:1,479:1:1,484:1:1,485:1:1,486:1:1,487:1:1,490:1:1,494:1:1,495:1:1,497:1:1,507:1:1,508:1:1,513:1:1,514:1:1,515:1:1,520:1:1,525:1:1,526:1:1,527:1:1,528:1:1,534:1:1,535:1:1,536:1:1,539:1:1,540:1:1,541:1:1,545:1:1,547:1:1,548:1:1,552:1:1,553:1:1,558:1:1,559:1:1,560:1:1,564:1:1,566:1:1,569:1:1,570:1:1,580:1:1,581:1:1,582:1:1,583:1:1,586:1:1,587:1:1,588:1:1,589:1:1,590:1:1,591:1:1,593:1:1,598:1:1,600:1:1,602:1:1,604:1:1,605:1:1,606:1:1,607:1:1
DNA-26010-CG001Qv51Next024-11_S11	chr17	7577557	AG	A	CG001v3.4.110	1569:0:335,1556:0:8,2346:0:4,1560:0:3,1573:0:3,1957:0:3,277:0:2,1824:0:2,160:0:1,205:0:1,206:0:1,228:0:1,248:0:1,290:0:1,292:0:1,293:0:1,1548:0:1,1549:0:1,1550:0:1,1552:0:1,1553:0:1,1554:0:1,1555:0:1,1557:0:1,1558:0:1,1559:0:1,1561:0:1,1562:0:1,1563:0:1,1564:0:1,1565:0:1,1566:0:1,1567:0:1,1568:0:1,1570:0:1,1571:0:1,1572:0:1,1574:0:1,1575:0:1,1576:0:1,1577:0:1,1578:0:1,1579:0:1,1580:0:1,1581:0:1,1582:0:1,1583:0:1,1584:0:1,1596:0:1,1597:0:1,1598:0:1,1600:0:1,1601:0:1,1603:0:1,1604:0:1,1739:0:1,1835:0:1,1956:0:1,2112:0:1,2344:0:1,2345:0:1,2347:0:1,2348:0:1,2349:0:1,2350:0:1,2352:0:1,2377:0:1,2378:0:1,2449:0:1,2519:0:1,2520:0:1,2529:0:1,2558:0:1,2643:0:1,2679:0:1,2684:0:1,2723:0:1,2729:0:1
DNA-26010-CG001Qv51Next024-11_S11	chr19	4117563	GCTT	G	CG001v3.4.62	1639:0:527,284:0:5,1641:0:5,1954:0:5,2363:0:5,2043:0:3,164:0:2,397:0:2,839:0:2,1317:0:2,1342:0:2,1506:0:2,1637:0:2,1936:0:2,1944:0:2,2169:0:2,3:0:1,7:0:1,11:0:1,64:0:1,94:0:1,133:0:1,198:0:1,212:0:1,258:0:1,309:0:1,422:0:1,1193:0:1,1224:0:1,1243:0:1,1266:0:1,1281:0:1,1294:0:1,1332:0:1,1353:0:1,1358:0:1,1383:0:1,1411:0:1,1418:0:1,1422:0:1,1427:0:1,1460:0:1,1470:0:1,1560:0:1,1561:0:1,1635:0:1,1636:0:1,1638:0:1,1640:0:1,1642:0:1,1879:0:1,1952:0:1,1957:0:1,1964:0:1,1965:0:1,1983:0:1,1984:0:1,1989:0:1,2041:0:1,2042:0:1,2180:0:1,2292:0:1,2335:0:1,2416:0:1
DNA-26010-CG001Qv51Next024-11_S11	chr7	55242465	GGAATTAAGAGAAGCA	G	CG001v3.4.20	395:0:152,741:0:9,399:0:2,922:0:2,11:0:1,12:0:1,16:0:1,28:0:1,134:0:1,177:0:1,190:0:1,235:0:1,291:0:1,344:0:1,368:0:1,374:0:1,394:0:1,396:0:1,397:0:1,398:0:1,400:0:1,401:0:1,402:0:1,735:0:1,736:0:1,737:0:1,738:0:1,739:0:1,740:0:1,742:0:1,743:0:1,744:0:1,851:0:1,866:0:1,887:0:1,903:0:1,920:0:1,925:0:1,931:0:1,938:0:1,1058:0:1,1088:0:1,1132:0:1
DNA-26010-CG001Qv51Next024-11_S11	chr3	178936116	GT	C	CG001v5.0.59	399:1:9389,97:1:31,230:1:30,65:1:29,457:1:25,113:1:21,441:1:21,80:1:20,451:1:19,52:1:16,466:1:16,154:1:15,703:1:14,143:1:13,433:1:13,492:2:13,557:1:13,735:1:13,772:1:12,168:1:11,324:1:11,375:1:11,473:4:10,473:5:10,639:1:10,369:1:9,426:1:9,462:1:9,512:1:9,349:1:8,372:1:8,516:1:8,566:1:8,18:1:7,362:1:7,363:1:7,488:1:7,522:1:7,336:1:6,348:1:6,833:1:6,35:1:5,133:1:5,351:1:5,364:1:5,423:1:5,445:1:5,538:1:5,550:1:5,386:1:4,390:1:4,409:1:4,471:2:4,500:1:4,531:1:4,653:1:4,676:1:4,33:1:3,75:1:3,331:1:3,347:1:3,356:1:3,359:1:3,394:1:3,398:1:3,404:1:3,428:1:3,447:1:3,448:1:3,449:1:3,453:1:3,579:1:3,598:1:3,611:1:3,734:1:3,757:1:3,41:1:2,57:1:2,88:1:2,101:1:2,134:1:2,160:1:2,326:4:2,326:5:2,352:1:2,361:1:2,367:1:2,371:1:2,382:1:2,395:1:2,403:1:2,419:1:2,431:1:2,438:1:2,454:1:2,459:1:2,467:1:2,474:1:2,481:1:2,494:1:2,497:1:2,548:1:2,551:1:2,621:1:2,752:1:2,800:1:2,865:1:2,0:1:1,3:1:1,8:1:1,15:1:1,16:1:1,19:1:1,20:1:1,21:1:1,25:1:1,26:1:1,27:1:1,37:1:1,39:1:1,42:1:1,43:1:1,47:1:1,50:1:1,53:1:1,55:1:1,58:1:1,60:1:1,64:1:1,67:1:1,70:1:1,72:1:1,81:1:1,84:1:1,86:1:1,87:1:1,90:1:1,92:1:1,93:1:1,98:1:1,99:1:1,103:1:1,105:1:1,107:1:1,114:1:1,118:1:1,120:1:1,122:1:1,131:1:1,132:1:1,135:1:1,138:1:1,145:1:1,150:3:1,152:1:1,153:1:1,158:1:1,159:1:1,169:1:1,175:1:1,176:1:1,284:1:1,325:1:1,327:4:1,327:5:1,328:1:1,329:1:1,330:1:1,332:1:1,333:1:1,334:1:1,337:1:1,338:1:1,339:1:1,340:1:1,341:1:1,342:1:1,343:1:1,344:1:1,345:1:1,346:1:1,350:1:1,353:1:1,354:1:1,355:1:1,358:1:1,360:1:1,365:1:1,366:4:1,368:1:1,370:1:1,374:1:1,376:1:1,377:1:1,379:1:1,380:1:1,381:1:1,384:1:1,385:1:1,387:1:1,389:1:1,391:1:1,392:1:1,396:1:1,397:1:1,401:1:1,402:1:1,405:1:1,408:1:1,410:1:1,411:1:1,414:1:1,415:1:1,422:1:1,425:2:1,427:1:1,429:1:1,432:1:1,434:1:1,435:1:1,436:1:1,437:1:1,439:3:1,442:1:1,443:1:1,446:1:1,450:1:1,455:1:1,456:1:1,458:1:1,460:1:1,461:1:1,463:1:1,464:1:1,465:1:1,468:1:1,469:1:1,470:1:1,478:1:1,480:1:1,482:1:1,483:1:1,484:1:1,490:1:1,491:2:1,493:1:1,495:1:1,496:1:1,498:1:1,501:1:1,510:1:1,511:1:1,513:1:1,514:1:1,517:1:1,518:1:1,520:1:1,523:1:1,524:1:1,527:1:1,528:1:1,529:1:1,535:1:1,539:3:1,540:1:1,543:1:1,544:1:1,545:1:1,546:1:1,553:1:1,554:1:1,555:1:1,561:1:1,562:1:1,564:1:1,571:1:1,574:1:1,576:1:1,580:1:1,581:1:1,586:1:1,587:1:1,589:1:1,591:1:1,596:1:1,603:1:1,604:1:1,606:1:1,612:1:1,613:1:1,614:1:1,616:1:1,620:1:1,623:1:1,630:1:1,632:1:1,633:1:1,638:1:1,640:1:1,644:1:1,645:1:1,646:1:1,647:1:1,649:1:1,650:1:1,655:1:1,657:1:1,659:1:1,663:1:1,664:1:1,665:1:1,666:1:1,667:1:1,670:1:1,671:1:1,672:1:1,677:1:1,678:1:1,679:1:1,680:1:1,681:1:1,682:1:1,684:1:1,686:1:1,687:1:1,690:1:1,693:1:1,698:1:1,704:1:1,705:2:1,708:1:1,710:1:1,713:1:1,717:1:1,718:1:1,721:1:1,732:1:1,733:1:1,736:1:1,738:1:1,739:1:1,740:1:1,741:1:1,743:1:1,744:1:1,745:1:1,746:1:1,747:1:1,751:1:1,753:1:1,758:1:1,761:1:1,762:1:1,764:1:1,765:1:1,770:1:1,771:1:1,773:1:1,774:1:1,775:1:1,776:1:1,777:1:1,780:1:1,783:1:1,785:1:1,786:1:1,791:1:1,794:1:1,799:1:1,802:1:1,803:1:1,805:1:1,806:1:1,807:1:1,808:1:1,809:1:1,810:1:1,814:1:1,817:1:1,818:1:1,819:1:1,820:1:1,821:1:1,822:1:1,826:1:1,831:1:1,832:1:1,834:1:1,835:1:1,836:1:1,837:1:1,839:1:1,843:1:1,847:1:1,856:1:1,857:1:1,864:1:1,867:1:1,868:1:1,869:1:1,870:1:1,871:1:1,872:1:1,873:1:1,874:1:1,875:1:1,878:1:1,879:1:1
DNA-26010-CG001Qv51Next024-11_S11	chr17	37880981	A	AGCATACGTGATG	CG001v3.4.25	615:0:157,614:0:3,608:0:2,1956:0:2,420:0:1,434:0:1,566:0:1,569:0:1,579:0:1,598:0:1,601:0:1,603:0:1,605:0:1,606:0:1,607:0:1,609:0:1,610:0:1,611:0:1,612:0:1,613:0:1,616:0:1,617:0:1,618:0:1,619:0:1,620:0:1,633:0:1,1771:0:1,1782:0:1,1799:0:1,1875:0:1,1998:0:1,2000:0:1
DNA-26010-CG001Qv51Next024-11_S11	chr4	55141048	T	TA	CG001v4.0.51	523:0:269,275:0:3,521:0:3,952:0:3,127:0:2,403:0:2,527:0:2,530:0:2,890:0:2,1084:0:2,1257:0:2,70:0:1,114:0:1,171:0:1,230:0:1,253:0:1,291:0:1,381:0:1,406:0:1,421:0:1,519:0:1,520:0:1,522:0:1,526:0:1,528:0:1,529:0:1,531:0:1,868:0:1,943:0:1,965:0:1,1002:0:1,1042:0:1,1043:0:1,1052:0:1,1055:0:1,1056:0:1,1114:0:1,1140:0:1,1180:0:1,1186:0:1,1223:0:1,1282:0:1,1286:0:1,1298:0:1,1301:0:1,1390:0:1,1470:0:1,1478:0:1,1518:0:1,1526:0:1,1559:0:1,1600:0:1,1624:0:1,1625:0:1,1666:0:1,1682:0:1,1688:0:1,1706:0:1,1748:0:1,1782:0:1,1797:0:1,1803:0:1,1812:0:1,1909:0:1,1985:0:1
DNA-26010-CG001Qv51Next024-11_S11	chr7	55249012	C	CGGT	CG001v4.0.35	1539:0:118,1538:0:20,1534:0:2,1536:0:2,1545:0:2,10:0:1,302:0:1,319:0:1,1522:0:1,1523:0:1,1524:0:1,1525:0:1,1526:0:1,1527:0:1,1528:0:1,1529:0:1,1530:0:1,1531:0:1,1532:0:1,1533:0:1,1535:0:1,1537:0:1,1540:0:1,1541:0:1,1542:0:1,1543:0:1,1544:0:1,1547:0:1,1548:0:1,1549:0:1,1653:0:1,1696:0:1,1699:0:1,1857:0:1,1858:0:1,1911:0:1,1912:0:1
DNA-26010-CG001Qv51Next024-18_S18	chr17	7577557	AG	A	CG001v3.4.110	1591:0:223,576:0:5,2311:0:4,1592:0:2,1957:0:2,22:0:1,27:0:1,39:0:1,142:0:1,163:0:1,212:0:1,285:0:1,325:0:1,328:0:1,352:0:1,1573:0:1,1574:0:1,1576:0:1,1577:0:1,1578:0:1,1579:0:1,1580:0:1,1581:0:1,1582:0:1,1583:0:1,1584:0:1,1585:0:1,1586:0:1,1587:0:1,1588:0:1,1589:0:1,1590:0:1,1593:0:1,1594:0:1,1595:0:1,1596:0:1,1597:0:1,1598:0:1,1599:0:1,1600:0:1,1601:0:1,1700:0:1,1955:0:1,1956:0:1,1958:0:1,1999:0:1,2310:0:1,2313:0:1,2314:0:1,2325:0:1,2406:0:1,2484:0:1,2527:0:1,2636:0:1
DNA-26010-CG001Qv51Next024-18_S18	chr19	4117563	GCTT	G	CG001v3.4.62	1761:0:568,2173:0:4,205:0:3,465:0:3,1318:0:3,1998:0:3,53:0:2,254:0:2,913:0:2,1552:0:2,1759:0:2,1762:0:2,2058:0:2,50:0:1,73:0:1,96:0:1,118:0:1,142:0:1,153:0:1,172:0:1,366:0:1,370:0:1,400:0:1,434:0:1,1286:0:1,1294:0:1,1333:0:1,1341:0:1,1354:0:1,1369:0:1,1436:0:1,1441:0:1,1460:0:1,1470:0:1,1496:0:1,1514:0:1,1532:0:1,1533:0:1,1571:0:1,1586:0:1,1599:0:1,1657:0:1,1658:0:1,1682:0:1,1683:0:1,1684:0:1,1720:0:1,1721:0:1,1755:0:1,1756:0:1,1757:0:1,1758:0:1,1760:0:1,1947:0:1,1964:0:1,1970:0:1,2017:0:1,2041:0:1,2062:0:1,2072:0:1,2081:0:1,2107:0:1,2128:0:1,2137:0:1,2160:0:1,2243:0:1,2254:0:1,2334:0:1,2350:0:1,2386:0:1,2407:0:1,2429:0:1,2472:0:1,2489:0:1,2588:0:1,2599:0:1,2616:0:1,2635:0:1
DNA-26010-CG001Qv51Next024-18_S18	chr7	55228052	TA	T	CG001v4.0.50	166:0:30,172:0:7,175:0:4,165:0:3,144:1:1,151:0:1,153:0:1,171:1:1,174:3:1,177:0:1,327:0:1,355:0:1
DNA-26010-CG001Qv51Next024-18_S18	chr7	55242465	GGAATTAAGAGAAGCA	G	CG001v3.4.20	446:0:133,818:0:11,451:0:3,1043:0:2,11:0:1,34:0:1,59:0:1,89:0:1,94:0:1,95:0:1,120:0:1,368:0:1,403:0:1,441:0:1,442:0:1,443:0:1,444:0:1,445:0:1,447:0:1,448:0:1,449:0:1,450:0:1,452:0:1,791:0:1,805:0:1,806:0:1,816:0:1,817:0:1,949:0:1,1026:0:1,1076:0:1,1145:0:1,1166:0:1
DNA-26010-CG001Qv51Next024-18_S18	chr3	178936116	GT	C	CG001v5.0.59	368:1:8586,76:1:29,406:1:26,60:1:21,104:1:19,439:1:16,502:1:16,97:1:15,117:1:14,149:1:14,416:1:14,423:1:14,307:1:12,139:1:11,165:1:11,442:2:11,474:1:11,655:1:11,680:1:10,343:1:9,344:1:9,401:1:9,110:1:8,335:1:8,419:1:8,434:1:8,480:1:8,540:1:8,16:1:7,300:1:7,305:1:7,462:1:7,787:1:7,71:1:6,226:1:6,395:1:6,511:1:6,621:1:6,742:1:6,157:1:5,159:1:5,178:1:5,309:1:5,311:1:5,339:1:5,392:1:5,711:1:5,765:1:5,329:1:4,337:1:4,347:1:4,364:1:4,366:1:4,405:1:4,440:1:4,452:1:4,495:1:4,535:1:4,126:1:3,163:3:3,167:1:3,314:1:3,317:1:3,323:1:3,332:1:3,360:1:3,380:1:3,385:1:3,400:1:3,418:1:3,427:1:3,457:1:3,490:1:3,521:1:3,527:1:3,553:1:3,582:1:3,588:1:3,732:1:3,807:1:3,51:1:2,62:1:2,102:1:2,146:1:2,316:1:2,321:1:2,322:1:2,328:1:2,341:1:2,356:1:2,362:1:2,372:1:2,391:1:2,413:1:2,415:1:2,421:1:2,425:1:2,428:1:2,484:1:2,489:1:2,496:1:2,503:3:2,538:1:2,541:1:2,559:1:2,564:1:2,570:1:2,577:1:2,626:1:2,3:1:1,12:1:1,13:1:1,14:1:1,15:1:1,17:1:1,18:1:1,19:1:1,22:1:1,28:1:1,30:1:1,31:1:1,33:1:1,34:1:1,35:1:1,37:1:1,39:1:1,44:1:1,45:1:1,47:1:1,48:1:1,52:1:1,53:1:1,55:1:1,59:1:1,61:1:1,63:1:1,64:1:1,68:1:1,77:1:1,79:1:1,80:1:1,81:1:1,82:1:1,83:1:1,85:1:1,87:1:1,89:1:1,96:1:1,99:1:1,100:1:1,105:1:1,106:1:1,108:1:1,109:1:1,111:1:1,113:1:1,118:1:1,121:1:1,123:1:1,129:1:1,135:1:1,136:1:1,137:1:1,138:1:1,140:1:1,142:1:1,148:1:1,150:1:1,151:1:1,152:1:1,154:1:1,158:1:1,160:1:1,162:3:1,169:1:1,170:1:1,179:1:1,181:1:1,183:1:1,187:1:1,299:1:1,301:1:1,302:1:1,304:1:1,306:1:1,308:1:1,310:1:1,312:1:1,313:1:1,315:1:1,318:7:1,319:1:1,320:1:1,324:1:1,325:1:1,326:1:1,327:1:1,330:1:1,331:1:1,333:1:1,334:1:1,336:1:1,338:1:1,340:1:1,342:2:1,349:2:1,350:1:1,351:1:1,352:1:1,353:1:1,358:1:1,359:1:1,365:1:1,367:1:1,369:1:1,370:1:1,371:1:1,374:1:1,375:1:1,376:1:1,377:1:1,378:1:1,381:1:1,382:1:1,393:1:1,394:1:1,396:1:1,397:1:1,398:1:1,399:1:1,402:1:1,408:1:1,409:1:1,410:1:1,411:1:1,412:1:1,414:1:1,420:1:1,422:1:1,426:1:1,429:1:1,430:1:1,431:1:1,432:1:1,433:1:1,435:1:1,436:1:1,437:1:1,438:1:1,441:4:1,441:6:1,443:1:1,444:1:1,445:1:1,448:1:1,454:2:1,458:1:1,459:1:1,470:1:1,471:1:1,472:1:1,473:1:1,475:1:1,476:1:1,477:1:1,482:1:1,486:1:1,492:1:1,497:2:1,498:1:1,500:1:1,505:1:1,506:1:1,510:1:1,513:1:1,514:1:1,526:1:1,528:1:1,533:1:1,534:1:1,543:1:1,544:1:1,546:1:1,547:1:1,548:1:1,549:1:1,550:1:1,556:1:1,557:1:1,563:1:1,565:1:1,568:1:1,572:1:1,575:1:1,581:1:1,583:1:1,590:1:1,594:1:1,595:1:1,596:1:1,597:1:1,598:1:1,600:1:1,601:1:1,602:1:1,603:1:1,607:1:1,611:1:1,612:1:1,614:1:1,616:1:1,620:1:1,622:1:1,624:1:1,627:1:1,635:1:1,636:1:1,640:1:1,641:1:1,642:1:1,643:1:1,646:1:1,648:1:1,650:1:1,651:1:1,654:1:1,656:1:1,657:1:1,658:1:1,659:1:1,661:1:1,663:1:1,669:1:1,679:1:1,686:1:1,690:1:1,691:1:1,692:1:1,695:1:1,696:1:1,709:1:1,710:1:1,712:1:1,713:1:1,714:1:1,716:1:1,720:1:1,721:1:1,722:1:1,725:1:1,737:1:1,739:1:1,741:1:1,744:1:1,745:1:1,748:1:1,749:1:1,752:1:1,754:1:1,755:1:1,756:1:1,757:1:1,759:1:1,760:1:1,762:1:1,767:1:1,768:1:1,771:1:1,774:1:1,776:1:1,777:1:1,781:1:1,786:1:1,788:1:1,789:1:1,793:1:1,794:1:1,795:1:1,797:1:1,805:1:1,806:1:1,811:1:1,812:1:1,813:1:1,814:1:1,815:1:1,816:1:1,821:1:1,824:1:1,825:1:1,826:1:1,829:1:1,830:1:1,834:1:1,835:1:1,836:1:1
DNA-26010-CG001Qv51Next024-18_S18	chr17	37880981	A	AGCATACGTGATG	CG001v3.4.25	607:0:127,598:0:2,600:0:2,603:0:2,606:0:2,2033:0:2,419:0:1,597:0:1,599:0:1,601:0:1,602:0:1,604:0:1,605:0:1,608:0:1,1746:0:1,2035:0:1
DNA-26010-CG001Qv51Next024-18_S18	chr4	55141048	T	TA	CG001v4.0.51	512:0:236,477:0:3,210:0:2,403:0:2,1370:0:2,41:0:1,67:0:1,86:0:1,103:0:1,127:0:1,128:0:1,200:0:1,271:0:1,355:0:1,378:0:1,419:0:1,476:0:1,478:0:1,508:0:1,509:0:1,510:0:1,511:0:1,513:0:1,514:0:1,515:0:1,516:0:1,517:0:1,518:0:1,519:0:1,520:0:1,521:0:1,522:0:1,887:0:1,894:0:1,900:0:1,948:0:1,949:0:1,1023:0:1,1046:0:1,1058:0:1,1079:0:1,1080:0:1,1125:0:1,1140:0:1,1168:0:1,1188:0:1,1195:0:1,1202:0:1,1203:0:1,1229:0:1,1238:0:1,1269:0:1,1329:0:1,1367:0:1,1369:0:1,1388:0:1,1399:0:1,1402:0:1,1410:0:1,1436:0:1,1467:0:1,1482:0:1,1485:0:1,1515:0:1,1583:0:1,1646:0:1,1647:0:1,1667:0:1,1688:0:1,1729:0:1,1777:0:1,1792:0:1,1796:0:1,1810:0:1,1829:0:1,1852:0:1,1948:0:1,1980:0:1,1994:0:1
DNA-26010-CG001Qv51Next024-18_S18	chr7	55249012	C	CGGT	CG001v4.0.35	1543:0:190,1542:0:35,1527:0:2,1531:0:2,1532:0:2,7:0:1,8:0:1,33:0:1,57:0:1,58:0:1,59:0:1,135:0:1,201:0:1,310:0:1,321:0:1,347:0:1,1518:0:1,1519:0:1,1520:0:1,1521:0:1,1522:0:1,1523:0:1,1524:0:1,1525:0:1,1526:0:1,1528:0:1,1529:0:1,1530:0:1,1533:0:1,1534:0:1,1535:0:1,1536:0:1,1537:0:1,1538:0:1,1539:0:1,1540:0:1,1541:0:1,1544:0:1,1545:0:1,1546:0:1,1547:0:1,1548:0:1,1549:0:1,1550:0:1,1551:0:1,1552:0:1,1553:0:1,1554:0:1,1555:0:1,1565:0:1,1725:0:1,1786:0:1,1816:0:1,1827:0:1,1876:0:1,1979:0:1,1984:0:1
DNA-26010-CG001Qv51Next024-4_S4	chr17	7577557	AG	A	CG001v3.4.110	1426:0:232,1429:0:25,1662:0:4,1427:0:3,1414:0:2,1415:0:2,1435:0:2,1436:0:2,1543:0:2,1768:0:2,2111:0:2,2112:0:2,2344:0:2,34:0:1,110:0:1,157:0:1,259:0:1,263:0:1,322:0:1,322:4:1,1413:0:1,1416:0:1,1418:0:1,1419:0:1,1420:0:1,1421:0:1,1422:0:1,1423:0:1,1424:0:1,1425:0:1,1428:0:1,1430:0:1,1431:0:1,1432:0:1,1433:0:1,1434:0:1,1437:0:1,1438:0:1,1439:0:1,1440:0:1,1446:0:1,1447:0:1,1502:0:1,1542:0:1,1544:0:1,1570:0:1,1769:0:1,1792:0:1,1819:0:1,1831:0:1,2113:0:1,2114:0:1,2115:0:1,2231:0:1,2293:0:1,2343:0:1,2345:0:1,2346:0:1
DNA-26010-CG001Qv51Next024-4_S4	chr19	4117563	GCTT	G	CG001v3.4.62	1611:0:433,1338:0:13,1368:0:4,215:0:3,367:0:3,122:0:2,1197:0:2,1234:0:2,1268:0:2,1413:0:2,1497:0:2,1553:0:2,1608:0:2,1609:0:2,1612:0:2,1613:0:2,1895:0:2,1937:0:2,2012:0:2,2099:0:2,2105:0:2,68:0:1,77:0:1,87:0:1,175:0:1,178:0:1,242:0:1,284:0:1,333:0:1,349:0:1,361:0:1,362:0:1,385:0:1,428:0:1,820:0:1,1149:0:1,1180:0:1,1209:0:1,1214:0:1,1231:0:1,1265:0:1,1319:0:1,1326:0:1,1332:0:1,1335:0:1,1336:0:1,1337:0:1,1348:0:1,1356:0:1,1366:0:1,1400:0:1,1449:0:1,1466:0:1,1554:0:1,1606:0:1,1607:0:1,1610:0:1,1826:0:1,1842:0:1,1847:0:1,1859:0:1,1868:0:1,1882:0:1,1914:0:1,1926:0:1,1943:0:1,1989:0:1,2041:0:1,2070:0:1,2071:0:1,2155:0:1,2183:0:1,2193:0:1,2201:0:1,2223:0:1,2355:0:1,2393:0:1,2504:0:1,2531:0:1,2546:0:1,2588:0:1
DNA-26010-CG001Qv51Next024-4_S4	chr7	55242465	GGAATTAAGAGAAGCA	G	CG001v3.4.20	400:0:118,698:0:6,375:0:3,405:0:2,988:0:2,23:0:1,44:0:1,131:0:1,139:0:1,146:0:1,302:0:1,394:0:1,395:0:1,396:0:1,397:0:1,399:0:1,401:0:1,402:0:1,403:0:1,404:0:1,696:0:1,697:0:1,776:0:1,810:0:1,837:0:1,910:0:1,935:0:1,962:0:1,1004:0:1,1123:0:1,1124:0:1
DNA-26010-CG001Qv51Next024-4_S4	chr3	178936116	GT	C	CG001v5.0.59	332:1:7763,60:1:29,46:1:22,350:1:22,80:1:20,361:1:18,465:1:16,91:1:15,371:1:13,382:1:13,639:1:13,69:1:12,275:1:12,374:1:12,675:1:12,264:4:11,264:6:11,356:1:11,439:1:11,606:1:10,115:1:9,55:1:8,411:1:8,265:1:7,419:1:7,545:1:7,122:1:6,132:1:6,137:1:6,197:1:6,274:1:6,331:1:6,434:1:6,578:1:6,8:1:5,41:1:5,279:1:5,281:1:5,296:1:5,307:1:5,325:1:5,359:1:5,377:1:5,397:1:5,453:1:5,57:1:4,292:1:4,313:1:4,329:1:4,340:1:4,362:1:4,385:1:4,388:2:4,259:1:3,267:1:3,299:1:3,306:1:3,353:1:3,367:1:3,373:1:3,446:1:3,494:1:3,522:1:3,535:1:3,696:1:3,712:1:3,740:1:3,27:1:2,94:1:2,103:1:2,140:1:2,144:1:2,261:1:2,266:1:2,280:1:2,283:1:2,286:1:2,287:1:2,309:1:2,310:1:2,317:1:2,328:1:2,333:1:2,354:1:2,369:1:2,381:1:2,386:1:2,437:1:2,488:1:2,508:1:2,555:1:2,570:1:2,7:4:1,7:5:1,9:1:1,10:1:1,13:1:1,14:1:1,16:1:1,17:1:1,19:1:1,20:1:1,24:1:1,29:1:1,34:1:1,35:1:1,36:1:1,37:1:1,42:1:1,43:1:1,49:1:1,53:1:1,54:1:1,56:1:1,61:1:1,62:1:1,67:1:1,70:1:1,72:1:1,74:1:1,75:1:1,77:1:1,83:1:1,85:1:1,88:1:1,90:1:1,95:1:1,96:1:1,97:1:1,98:1:1,99:1:1,101:1:1,105:1:1,116:1:1,118:1:1,124:1:1,125:1:1,129:1:1,134:1:1,135:1:1,136:1:1,138:1:1,260:6:1,260:7:1,262:4:1,262:5:1,263:1:1,268:1:1,269:1:1,270:1:1,271:1:1,272:1:1,273:1:1,276:1:1,277:1:1,278:1:1,282:1:1,284:1:1,285:1:1,288:1:1,291:1:1,293:1:1,294:1:1,295:1:1,297:1:1,300:1:1,301:1:1,302:1:1,303:1:1,304:1:1,305:1:1,308:1:1,312:1:1,314:1:1,315:1:1,316:1:1,321:1:1,322:1:1,323:1:1,324:1:1,327:1:1,330:1:1,334:1:1,335:1:1,336:1:1,337:1:1,345:1:1,346:1:1,349:1:1,351:1:1,352:1:1,355:1:1,357:1:1,360:1:1,363:1:1,364:1:1,365:1:1,366:1:1,368:1:1,370:1:1,372:1:1,375:1:1,376:1:1,378:1:1,379:1:1,380:1:1,383:1:1,384:1:1,387:1:1,389:4:1,389:5:1,390:1:1,394:1:1,402:1:1,406:1:1,407:1:1,412:1:1,414:1:1,415:1:1,416:4:1,416:6:1,422:1:1,423:1:1,424:1:1,427:1:1,429:1:1,432:1:1,435:1:1,436:1:1,440:1:1,441:3:1,450:1:1,455:1:1,461:1:1,467:1:1,472:1:1,473:1:1,476:1:1,477:1:1,481:1:1,484:1:1,489:1:1,495:1:1,499:1:1,506:1:1,507:1:1,511:1:1,512:1:1,513:1:1,514:1:1,515:1:1,518:1:1,520:1:1,521:1:1,523:1:1,524:1:1,525:1:1,527:1:1,529:1:1,533:1:1,536:1:1,537:1:1,542:1:1,544:1:1,546:1:1,547:1:1,553:1:1,556:1:1,560:1:1,566:1:1,571:1:1,579:1:1,580:1:1,581:1:1,582:4:1,583:1:1,584:1:1,586:1:1,587:1:1,590:1:1,591:1:1,593:1:1,596:1:1,607:1:1,608:1:1,609:1:1,611:1:1,612:1:1,619:1:1,621:1:1,624:1:1,626:1:1,636:4:1,636:6:1,637:1:1,638:1:1,640:1:1,641:1:1,642:1:1,646:1:1,649:1:1,650:1:1,659:1:1,660:1:1,662:1:1,663:1:1,666:1:1,667:1:1,669:1:1,672:1:1,681:1:1,685:1:1,686:1:1,689:1:1,695:1:1,697:1:1,698:1:1,699:1:1,700:1:1,701:1:1,703:1:1,710:4:1,710:6:1,711:1:1,713:1:1,715:1:1,717:1:1,725:1:1,729:1:1,730:1:1,739:1:1,741:1:1,742:1:1,743:1:1,746:1:1
DNA-26010-CG001Qv51Next024-4_S4	chr17	37880981	A	AGCATACGTGATG	CG001v3.4.25	566:0:118,565:0:5,558:0:3,391:0:1,493:0:1,505:0:1,554:0:1,555:0:1,556:0:1,557:0:1,559:0:1,560:0:1,561:0:1,562:0:1,563:0:1,564:0:1,568:0:1,569:0:1,570:0:1,571:0:1,1579:0:1,1640:0:1,1846:0:1,1904:0:1
DNA-26010-CG001Qv51Next024-4_S4	chr4	55141048	T	TA	CG001v4.0.51	476:0:183,422:0:7,1294:0:3,953:0:2,1145:0:2,157:0:1,261:0:1,285:0:1,413:0:1,471:0:1,472:0:1,473:0:1,474:0:1,475:0:1,477:0:1,478:0:1,479:0:1,480:0:1,820:0:1,903:0:1,988:0:1,1020:0:1,1068:0:1,1070:0:1,1144:0:1,1167:0:1,1206:0:1,1293:0:1,1382:0:1,1401:0:1,1511:0:1,1524:0:1,1528:0:1,1571:0:1,1600:0:1,1640:0:1,1648:0:1,1697:0:1,1700:0:1
DNA-26010-CG001Qv51Next024-4_S4	chr7	55249012	C	CGGT	CG001v4.0.35	1509:0:148,1508:0:9,269:0:2,1505:0:2,1515:0:2,1563:0:2,1605:0:2,15:0:1,16:0:1,17:0:1,28:0:1,105:0:1,132:0:1,171:0:1,276:0:1,322:0:1,351:0:1,1490:0:1,1491:0:1,1492:0:1,1493:0:1,1494:0:1,1495:0:1,1496:0:1,1497:0:1,1498:0:1,1499:0:1,1501:0:1,1502:0:1,1503:0:1,1504:0:1,1506:0:1,1507:0:1,1510:0:1,1511:0:1,1512:0:1,1513:0:1,1514:0:1,1516:0:1,1517:0:1,1518:0:1,1519:0:1,1570:0:1,1771:0:1,1793:0:1,1872:0:1,1974:0:1
DNA-26013-CG001Qv51Next024-13_S13	chr17	7577557	AG	A	CG001v3.4.110	1798:0:215,1786:0:3,2576:0:3,2876:0:3,1789:0:2,1800:0:2,74:0:1,154:0:1,240:0:1,241:0:1,297:0:1,326:0:1,327:0:1,372:0:1,642:0:1,1780:0:1,1781:0:1,1782:0:1,1788:0:1,1790:0:1,1791:0:1,1792:0:1,1793:0:1,1794:0:1,1795:0:1,1796:0:1,1797:0:1,1799:0:1,1801:0:1,1802:0:1,1803:0:1,1804:0:1,1805:0:1,1806:0:1,1807:0:1,1808:0:1,1809:0:1,1810:0:1,1819:0:1,1820:0:1,1821:0:1,1822:0:1,1919:0:1,1943:0:1,2083:0:1,2210:0:1,2211:0:1,2213:0:1,2217:0:1,2352:0:1,2577:0:1,2578:0:1,2599:0:1,2701:0:1,2780:0:1,2903:0:1,3064:0:1
DNA-26013-CG001Qv51Next024-13_S13	chr19	4117563	GCTT	G	CG001v3.4.62	1843:0:589,1844:0:6,2220:0:5,1449:0:4,952:0:3,1749:0:3,98:0:2,150:0:2,201:0:2,220:0:2,1481:0:2,1531:0:2,1565:0:2,1834:0:2,1840:0:2,2130:0:2,2302:0:2,133:0:1,153:0:1,205:0:1,455:0:1,1337:0:1,1340:0:1,1342:0:1,1375:0:1,1395:0:1,1408:0:1,1429:0:1,1454:0:1,1515:0:1,1521:0:1,1552:0:1,1572:0:1,1573:0:1,1587:0:1,1601:0:1,1630:0:1,1666:0:1,1835:0:1,1836:0:1,1837:0:1,1838:0:1,1839:0:1,1841:0:1,1842:0:1,1845:0:1,2022:0:1,2052:0:1,2061:0:1,2092:0:1,2110:0:1,2140:0:1,2148:0:1,2158:0:1,2164:0:1,2189:0:1,2378:0:1,2385:0:1,2450:0:1,2491:0:1,2581:0:1,2631:0:1,2669:0:1,2694:0:1,2727:0:1,2728:0:1,2735:0:1,2771:0:1,2798:0:1
DNA-26013-CG001Qv51Next024-13_S13	chr7	55242465	GGAATTAAGAGAAGCA	G	CG001v3.4.20	417:0:78,736:0:3,416:0:2,0:0:1,63:0:1,71:0:1,187:0:1,302:0:1,344:0:1,414:0:1,415:0:1,418:0:1,419:0:1,420:0:1,421:0:1,689:0:1,731:0:1,732:0:1,733:0:1,734:0:1,735:0:1,834:0:1,876:0:1,913:0:1,919:0:1,1176:0:1
DNA-26013-CG001Qv51Next024-13_S13	chr7	55249012	C	CGGT	CG001v4.0.35	1746:0:96,1745:0:12,1741:0:5,1738:0:2,1752:0:2,2084:0:2,41:0:1,87:0:1,139:0:1,235:0:1,1729:0:1,1730:0:1,1731:0:1,1732:0:1,1733:0:1,1734:0:1,1735:0:1,1736:0:1,1737:0:1,1739:0:1,1740:0:1,1742:0:1,1742:1:1,1743:0:1,1744:0:1,1747:0:1,1748:0:1,1749:0:1,1749:1:1,1750:0:1,1751:0:1,1753:0:1,1754:0:1,1755:0:1,1756:0:1,1757:0:1,1758:0:1,1759:0:1,1760:0:1,1760:1:1,1761:0:1,1812:0:1,1843:0:1,1874:0:1,2268:0:1
DNA-26013-CG001Qv51Next024-20_S20	chr17	7577557	AG	A	CG001v3.4.110	1692:0:158,1679:0:4,2276:0:4,1682:0:2,1896:0:2,62:0:1,82:0:1,117:0:1,142:0:1,143:0:1,182:0:1,211:0:1,242:0:1,595:0:1,1676:0:1,1678:0:1,1680:0:1,1681:0:1,1684:0:1,1685:0:1,1686:0:1,1687:0:1,1688:0:1,1689:0:1,1690:0:1,1691:0:1,1693:0:1,1694:0:1,1705:0:1,1770:0:1,1995:0:1,2059:0:1,2275:0:1,2278:0:1,2279:0:1,2367:0:1,2500:0:1
DNA-26013-CG001Qv51Next024-20_S20	chr19	4117563	GCTT	G	CG001v3.4.62	2136:0:493,2135:0:6,224:0:4,2589:0:4,1773:0:3,2138:0:3,500:0:2,1124:0:2,1679:0:2,1698:0:2,1955:0:2,2131:0:2,2133:0:2,16:0:1,41:0:1,44:0:1,57:0:1,70:0:1,80:0:1,117:0:1,130:0:1,223:0:1,284:0:1,306:0:1,421:0:1,426:0:1,433:0:1,439:0:1,452:0:1,507:0:1,583:0:1,606:0:1,1515:0:1,1522:0:1,1532:0:1,1533:0:1,1538:0:1,1552:0:1,1553:0:1,1575:0:1,1581:0:1,1588:0:1,1659:0:1,1719:0:1,1734:0:1,1738:0:1,1741:0:1,1766:0:1,1778:0:1,1797:1:1,1802:0:1,1821:0:1,1851:0:1,1858:0:1,1875:0:1,1889:0:1,1908:0:1,1925:0:1,1926:0:1,1953:0:1,2042:0:1,2043:0:1,2044:0:1,2127:0:1,2128:0:1,2129:0:1,2130:0:1,2132:0:1,2137:0:1,2140:0:1,2141:0:1,2337:0:1,2338:0:1,2362:0:1,2383:0:1,2406:0:1,2492:0:1,2553:0:1,2555:0:1,2615:0:1,2715:0:1,2736:0:1,2855:0:1,2885:0:1,2937:0:1,2987:0:1,3007:0:1,3026:0:1,3052:0:1,3056:0:1,3073:0:1
DNA-26013-CG001Qv51Next024-20_S20	chr7	55242465	GGAATTAAGAGAAGCA	G	CG001v3.4.20	433:0:34,706:0:9,436:0:2,763:0:2,64:0:1,291:0:1,430:0:1,431:0:1,432:0:1,434:0:1,435:0:1,700:0:1,707:0:1,708:0:1,865:0:1,927:0:1,1072:0:1
DNA-26013-CG001Qv51Next024-20_S20	chr3	178936116	GT	C	CG001v5.0.59	337:1:6226,366:1:23,50:1:19,36:1:15,82:1:15,374:1:14,331:1:12,72:1:11,195:1:11,381:1:11,66:1:10,441:1:10,326:1:9,112:1:8,462:1:8,312:1:7,261:1:6,278:1:6,336:1:6,345:1:6,360:1:6,384:1:6,496:1:6,527:1:6,302:1:5,304:1:5,308:1:5,310:1:5,333:1:5,334:1:5,408:1:5,424:1:5,469:1:5,596:1:5,6:1:4,87:1:4,91:1:4,104:1:4,121:1:4,124:1:4,268:1:4,299:1:4,354:1:4,355:1:4,550:1:4,572:1:4,132:1:3,288:1:3,292:1:3,306:1:3,328:1:3,359:1:3,371:1:3,378:1:3,383:1:3,385:1:3,389:2:3,444:3:3,451:1:3,543:1:3,24:1:2,41:1:2,69:1:2,266:1:2,272:1:2,274:1:2,275:1:2,280:1:2,286:1:2,332:1:2,339:1:2,340:1:2,343:1:2,364:1:2,372:1:2,373:1:2,375:1:2,376:1:2,392:1:2,398:1:2,447:1:2,459:1:2,476:1:2,483:1:2,493:1:2,555:1:2,578:1:2,579:1:2,608:1:2,618:1:2,0:1:1,1:1:1,7:1:1,8:1:1,9:1:1,11:1:1,12:1:1,17:1:1,23:1:1,25:1:1,30:1:1,31:1:1,37:1:1,39:1:1,43:1:1,44:1:1,46:1:1,47:1:1,51:1:1,53:1:1,54:1:1,55:1:1,56:1:1,57:1:1,58:1:1,64:1:1,65:1:1,67:1:1,68:1:1,71:1:1,74:1:1,77:1:1,79:1:1,81:1:1,83:1:1,86:1:1,88:1:1,93:9:1,94:1:1,96:1:1,101:1:1,102:1:1,103:1:1,105:1:1,106:1:1,107:1:1,114:1:1,115:1:1,117:1:1,118:1:1,120:1:1,127:1:1,128:1:1,129:1:1,130:1:1,131:1:1,134:1:1,139:1:1,143:1:1,262:1:1,263:1:1,264:1:1,265:1:1,267:1:1,269:1:1,270:1:1,271:1:1,273:1:1,276:1:1,277:1:1,279:1:1,281:1:1,283:1:1,284:1:1,285:1:1,287:1:1,290:1:1,291:1:1,293:1:1,294:1:1,295:1:1,296:1:1,298:1:1,300:1:1,301:1:1,305:1:1,307:4:1,309:1:1,311:1:1,313:1:1,315:1:1,318:1:1,319:1:1,320:1:1,324:1:1,327:1:1,329:1:1,335:1:1,338:1:1,341:1:1,342:1:1,344:1:1,349:1:1,352:1:1,353:1:1,356:1:1,357:1:1,358:1:1,361:1:1,362:1:1,363:1:1,365:1:1,369:1:1,370:1:1,377:1:1,379:1:1,380:1:1,386:1:1,387:1:1,388:2:1,390:4:1,390:5:1,391:1:1,393:1:1,396:1:1,404:1:1,405:1:1,409:1:1,414:1:1,415:1:1,416:1:1,417:1:1,418:1:1,419:1:1,421:1:1,422:1:1,426:1:1,427:1:1,428:1:1,431:1:1,434:1:1,435:1:1,438:1:1,442:1:1,448:1:1,452:1:1,453:1:1,456:1:1,458:1:1,467:7:1,470:1:1,471:1:1,474:1:1,477:1:1,478:1:1,479:1:1,482:1:1,486:1:1,491:1:1,492:1:1,494:1:1,501:1:1,502:1:1,503:1:1,504:1:1,506:1:1,510:1:1,511:4:1,511:6:1,514:1:1,517:1:1,518:1:1,520:1:1,521:1:1,523:1:1,528:1:1,532:1:1,536:1:1,539:1:1,544:1:1,547:1:1,548:1:1,549:1:1,551:1:1,552:1:1,554:1:1,558:1:1,560:1:1,561:1:1,564:1:1,566:1:1,571:1:1,573:1:1,575:1:1,577:1:1,580:1:1,584:1:1,586:1:1,594:1:1,595:1:1,597:4:1,597:5:1,599:1:1,600:1:1,602:1:1,612:1:1,620:1:1,622:1:1,625:1:1,626:1:1,627:1:1,628:1:1,629:1:1
DNA-26013-CG001Qv51Next024-20_S20	chr4	55141048	T	TA	CG001v4.0.51	474:0:120,482:0:3,187:0:1,259:0:1,359:0:1,389:0:1,469:0:1,470:0:1,471:0:1,473:0:1,475:0:1,476:0:1,477:0:1,478:0:1,479:0:1,480:0:1,481:0:1,483:0:1,888:0:1,897:0:1,975:0:1,998:0:1,1151:0:1,1195:0:1,1411:0:1,1463:0:1,1512:0:1,1600:0:1,1603:0:1
DNA-26013-CG001Qv51Next024-20_S20	chr7	55249012	C	CGGT	CG001v4.0.35	1788:0:75,1787:0:21,1781:0:2,82:0:1,116:0:1,196:0:1,395:0:1,1759:0:1,1773:0:1,1774:0:1,1775:0:1,1776:0:1,1777:0:1,1778:0:1,1779:0:1,1780:0:1,1782:0:1,1783:0:1,1784:0:1,1786:0:1,1789:0:1,1790:0:1,1791:0:1,1792:0:1,1793:0:1,1869:0:1,1941:0:1,2038:0:1
DNA-26013-CG001Qv51Next024-6_S6	chr17	7577557	AG	A	CG001v3.4.110	1747:0:298,1726:0:14,2661:0:10,277:0:4,2767:0:3,1730:0:2,1740:0:2,1748:0:2,1758:0:2,71:0:1,92:0:1,124:0:1,212:0:1,213:0:1,278:0:1,285:0:1,339:0:1,354:0:1,603:0:1,1725:0:1,1728:0:1,1729:0:1,1731:0:1,1732:0:1,1733:0:1,1734:0:1,1735:0:1,1736:0:1,1737:0:1,1738:0:1,1739:0:1,1741:0:1,1742:0:1,1743:0:1,1744:0:1,1745:0:1,1746:0:1,1749:0:1,1750:0:1,1751:0:1,1752:0:1,1753:0:1,1754:0:1,1756:0:1,1757:0:1,1759:0:1,1760:0:1,1761:0:1,1762:0:1,1769:0:1,1770:0:1,1771:0:1,1773:0:1,1774:0:1,1793:0:1,1886:0:1,1919:0:1,2043:0:1,2056:0:1,2072:0:1,2218:0:1,2219:0:1,2315:0:1,2358:0:1,2659:0:1,2660:0:1,2662:0:1,2663:0:1,2665:0:1,2768:0:1,2861:0:1,3031:0:1,3062:0:1,3086:0:1,3125:0:1,3166:0:1,3222:0:1
DNA-26013-CG001Qv51Next024-6_S6	chr19	4117563	GCTT	G	CG001v3.4.62	1947:0:651,239:0:12,1949:0:5,2288:0:4,462:0:3,1856:0:3,1945:0:3,2256:0:3,2277:0:3,2302:0:3,2783:0:3,104:0:2,238:0:2,357:0:2,1018:0:2,1525:0:2,1567:0:2,1592:0:2,1706:0:2,1760:0:2,2308:0:2,2853:0:2,12:0:1,78:0:1,170:0:1,171:0:1,196:0:1,200:0:1,221:0:1,254:0:1,280:0:1,301:0:1,427:0:1,448:0:1,490:0:1,1405:0:1,1410:0:1,1424:0:1,1447:0:1,1463:0:1,1478:0:1,1492:0:1,1508:0:1,1511:0:1,1532:0:1,1538:0:1,1542:0:1,1561:0:1,1571:0:1,1579:0:1,1616:0:1,1630:0:1,1667:0:1,1668:0:1,1683:0:1,1759:0:1,1800:0:1,1801:0:1,1878:0:1,1879:0:1,1880:0:1,1941:0:1,1942:0:1,1943:0:1,1944:0:1,1946:0:1,1948:0:1,2185:0:1,2202:0:1,2203:0:1,2264:0:1,2324:0:1,2400:0:1,2418:0:1,2455:0:1,2580:0:1,2640:0:1,2716:0:1,2766:0:1,2770:0:1,2771:0:1,2805:0:1,2817:0:1,2868:0:1,2874:0:1,2892:0:1,2920:0:1,2926:0:1,2929:0:1,2946:0:1,2967:0:1,3032:0:1,3053:0:1,3055:0:1,3057:0:1
DNA-26013-CG001Qv51Next024-6_S6	chr7	55242465	GGAATTAAGAGAAGCA	G	CG001v3.4.20	434:0:42,435:0:2,765:0:2,79:0:1,143:0:1,177:0:1,277:0:1,431:0:1,432:0:1,433:0:1,436:0:1,766:0:1,965:0:1
DNA-26013-CG001Qv51Next024-6_S6	chr3	178936116	GT	C	CG001v5.0.59	346:1:7715,77:1:26,86:1:26,373:1:21,391:1:21,53:1:20,65:1:20,439:1:19,94:1:17,124:1:15,382:1:15,396:1:14,633:1:12,594:1:11,339:1:9,412:1:9,472:1:9,366:1:8,610:1:8,335:1:7,393:1:7,423:1:7,445:1:7,308:1:6,352:1:6,361:1:6,485:1:6,32:1:5,271:1:5,279:1:5,316:1:5,319:1:5,362:1:5,364:1:5,467:1:5,491:1:5,510:1:5,11:1:4,132:1:4,269:1:4,274:1:4,290:1:4,296:1:4,305:1:4,312:1:4,337:1:4,370:1:4,398:1:4,401:2:4,476:1:4,542:1:4,560:1:4,735:1:4,90:1:3,116:1:3,275:1:3,284:1:3,292:1:3,302:1:3,311:1:3,318:1:3,323:1:3,345:1:3,348:1:3,378:1:3,392:1:3,397:1:3,448:1:3,575:1:3,658:1:3,670:1:3,709:1:3,46:1:2,47:1:2,97:1:2,126:1:2,138:1:2,140:1:2,288:1:2,298:1:2,328:1:2,343:1:2,349:1:2,356:1:2,358:1:2,365:1:2,375:1:2,384:1:2,402:4:2,402:5:2,416:1:2,456:1:2,459:1:2,462:1:2,499:1:2,505:1:2,514:1:2,528:1:2,537:1:2,612:1:2,650:1:2,687:1:2,2:1:1,10:1:1,12:1:1,15:1:1,17:1:1,20:1:1,22:1:1,23:1:1,29:1:1,35:1:1,37:1:1,41:1:1,45:1:1,48:1:1,49:1:1,54:1:1,55:1:1,56:1:1,58:1:1,62:1:1,66:1:1,67:1:1,69:1:1,73:1:1,79:1:1,81:1:1,84:1:1,87:1:1,92:1:1,99:1:1,104:1:1,105:1:1,106:1:1,107:1:1,108:1:1,114:1:1,115:1:1,117:1:1,121:1:1,127:1:1,128:1:1,137:1:1,143:1:1,144:1:1,145:2:1,146:1:1,149:1:1,202:1:1,270:4:1,270:5:1,272:1:1,273:1:1,276:1:1,277:1:1,278:1:1,280:1:1,281:1:1,282:1:1,283:1:1,286:1:1,287:1:1,289:1:1,291:1:1,293:1:1,294:1:1,295:1:1,297:1:1,299:1:1,300:1:1,301:1:1,303:1:1,304:1:1,306:1:1,307:1:1,309:1:1,310:1:1,313:4:1,314:1:1,315:1:1,317:1:1,320:1:1,322:1:1,324:1:1,326:1:1,327:1:1,329:1:1,330:1:1,333:1:1,336:1:1,338:1:1,340:1:1,341:1:1,342:1:1,344:1:1,354:1:1,360:1:1,363:1:1,367:1:1,368:1:1,369:1:1,371:1:1,372:1:1,374:1:1,377:1:1,380:1:1,381:1:1,383:1:1,385:1:1,386:1:1,387:1:1,388:1:1,389:1:1,390:1:1,394:1:1,395:1:1,399:1:1,400:2:1,403:4:1,403:5:1,404:1:1,405:1:1,408:1:1,411:1:1,413:1:1,415:1:1,418:1:1,419:1:1,424:1:1,425:1:1,437:1:1,438:1:1,440:1:1,441:1:1,442:1:1,443:1:1,452:1:1,453:1:1,458:1:1,460:1:1,465:1:1,466:1:1,469:1:1,470:1:1,473:3:1,474:1:1,477:1:1,478:1:1,479:1:1,486:1:1,488:1:1,493:1:1,498:1:1,502:1:1,507:1:1,512:1:1,513:5:1,513:7:1,515:1:1,518:1:1,519:1:1,520:1:1,524:1:1,527:1:1,532:1:1,533:1:1,544:1:1,545:1:1,547:1:1,548:1:1,549:1:1,550:1:1,551:1:1,553:1:1,554:1:1,558:1:1,559:1:1,562:1:1,563:1:1,564:1:1,565:1:1,570:1:1,572:3:1,577:1:1,578:1:1,579:1:1,582:1:1,583:2:1,584:1:1,585:1:1,587:1:1,588:1:1,590:1:1,591:1:1,592:1:1,593:1:1,595:1:1,596:1:1,597:1:1,599:1:1,600:1:1,611:1:1,613:1:1,614:1:1,616:7:1,617:1:1,619:1:1,624:1:1,625:1:1,626:1:1,632:1:1,634:1:1,635:1:1,639:1:1,643:1:1,645:1:1,647:1:1,649:1:1,651:1:1,655:1:1,656:1:1,659:1:1,660:1:1,661:1:1,662:1:1,668:1:1,669:1:1,671:1:1,673:1:1,674:1:1,675:1:1,677:1:1,680:1:1,682:1:1,685:1:1,686:1:1,688:1:1,691:1:1,694:1:1,700:1:1,704:1:1,711:1:1,715:1:1,717:1:1,720:1:1,724:1:1,725:1:1,728:1:1,729:1:1,731:1:1,734:1:1,738:1:1,739:1:1,740:1:1,743:1:1
DNA-26013-CG001Qv51Next024-6_S6	chr4	55141048	T	TA	CG001v4.0.51	440:0:109,4:0:1,148:0:1,187:0:1,392:0:1,429:0:1,439:0:1,441:0:1,868:0:1,929:0:1,931:0:1,1044:0:1,1089:0:1,1201:0:1,1514:0:1,1637:0:1
DNA-26669-CG001Qv51Next024-12_S12	chr17	7577557	AG	A	CG001v3.4.110	1648:0:176,2430:0:4,1635:0:3,1645:0:2,1658:0:2,105:0:1,156:0:1,185:0:1,222:0:1,289:0:1,595:0:1,1636:0:1,1637:0:1,1638:0:1,1639:0:1,1640:0:1,1641:0:1,1642:0:1,1643:0:1,1644:0:1,1646:0:1,1647:0:1,1649:0:1,1650:0:1,1651:0:1,1652:0:1,1653:0:1,1654:0:1,1655:0:1,1656:0:1,1657:0:1,1659:0:1,1660:0:1,1661:0:1,1667:0:1,1669:0:1,1699:0:1,1738:0:1,1765:0:1,1918:0:1,2101:0:1,2121:0:1,2131:0:1,2159:0:1,2429:0:1,2431:0:1,2432:0:1,2480:0:1,2517:0:1,2592:0:1,2732:0:1,2780:0:1,2933:0:1
DNA-26669-CG001Qv51Next024-12_S12	chr19	4117563	GCTT	G	CG001v3.4.62	1844:0:529,1489:0:3,1593:0:3,1843:0:3,2293:0:3,88:0:2,170:0:2,204:0:2,435:0:2,1388:0:2,1463:0:2,1538:0:2,1690:0:2,1744:0:2,1769:0:2,1841:0:2,1845:0:2,2266:0:2,2557:0:2,24:0:1,101:0:1,145:0:1,154:0:1,221:0:1,257:0:1,280:0:1,347:0:1,403:0:1,425:0:1,1335:0:1,1344:0:1,1383:0:1,1440:0:1,1457:0:1,1497:0:1,1508:0:1,1528:0:1,1555:0:1,1563:0:1,1633:0:1,1635:0:1,1691:0:1,1692:0:1,1768:0:1,1842:0:1,1846:0:1,2064:0:1,2068:0:1,2103:0:1,2126:0:1,2132:0:1,2142:0:1,2152:0:1,2153:0:1,2166:0:1,2186:0:1,2201:0:1,2287:0:1,2344:0:1,2349:0:1,2386:0:1,2436:0:1,2443:0:1,2487:0:1,2538:0:1,2538:1:1,2551:0:1,2622:0:1,2691:0:1,2731:0:1,2773:0:1,2792:0:1,2801:0:1,2819:0:1
DNA-26669-CG001Qv51Next024-12_S12	chr7	55242465	GGAATTAAGAGAAGCA	G	CG001v3.4.20	443:0:154,746:0:10,446:0:2,84:0:1,121:0:1,180:0:1,206:0:1,312:0:1,368:0:1,379:0:1,425:0:1,433:0:1,441:0:1,442:0:1,444:0:1,445:0:1,447:0:1,448:0:1,449:0:1,708:0:1,747:0:1,885:0:1,914:0:1,1008:0:1,1041:0:1,1210:0:1,1211:0:1
DNA-26669-CG001Qv51Next024-12_S12	chr4	55141048	T	TA	CG001v4.0.51	487:0:197,482:0:2,1323:0:2,75:0:1,88:0:1,114:0:1,176:0:1,254:0:1,334:0:1,367:0:1,457:0:1,481:0:1,483:0:1,484:0:1,485:0:1,486:0:1,488:0:1,489:0:1,490:0:1,825:0:1,863:0:1,989:0:1,1001:0:1,1038:0:1,1124:0:1,1367:0:1,1389:0:1,1450:0:1,1470:0:1,1580:0:1
DNA-26669-CG001Qv51Next024-12_S12	chr7	55249012	C	CGGT	CG001v4.0.35	1514:0:156,1513:0:32,1506:0:2,1515:0:2,1516:0:2,1516:1:2,38:0:1,39:0:1,179:0:1,216:0:1,233:0:1,246:0:1,316:0:1,341:0:1,347:0:1,1496:0:1,1497:0:1,1498:0:1,1499:0:1,1500:0:1,1501:0:1,1502:0:1,1503:0:1,1504:0:1,1505:0:1,1507:0:1,1508:0:1,1509:0:1,1510:0:1,1511:0:1,1512:0:1,1517:0:1,1518:0:1,1519:0:1,1520:0:1,1521:0:1,1522:0:1,1532:0:1,1565:0:1,1593:0:1,1644:0:1,1697:0:1,1757:0:1,1796:0:1,1880:0:1
DNA-26669-CG001Qv51Next024-19_S19	chr17	7577557	AG	A	CG001v3.4.110	1418:0:192,1416:0:5,1420:0:2,2110:0:2,26:0:1,160:0:1,485:0:1,1359:0:1,1415:0:1,1417:0:1,1419:0:1,1421:0:1,1422:0:1,1423:0:1,1424:0:1,1425:0:1,1426:0:1,1427:0:1,1428:0:1,1429:0:1,1432:0:1,1433:0:1,1435:0:1,1436:0:1,1437:0:1,1505:0:1,1532:0:1,1533:0:1,1548:0:1,1748:0:1,1749:0:1,1840:0:1,1871:0:1,2109:0:1,2111:0:1,2112:0:1,2113:0:1,2147:0:1,2429:0:1
DNA-26669-CG001Qv51Next024-19_S19	chr19	4117563	GCTT	G	CG001v3.4.62	1653:0:521,1436:0:5,278:0:3,1934:0:3,1940:0:3,2056:0:3,118:0:2,215:0:2,356:0:2,1227:0:2,1326:0:2,1493:0:2,1655:0:2,1915:0:2,2009:0:2,122:0:1,129:0:1,142:0:1,183:0:1,216:0:1,322:0:1,339:0:1,363:0:1,433:0:1,1186:0:1,1191:0:1,1192:0:1,1208:0:1,1234:0:1,1244:0:1,1308:0:1,1316:0:1,1321:0:1,1378:0:1,1381:0:1,1384:0:1,1396:0:1,1402:0:1,1407:0:1,1461:0:1,1467:0:1,1476:0:1,1585:0:1,1647:0:1,1648:0:1,1649:0:1,1650:0:1,1651:0:1,1652:0:1,1654:0:1,1656:0:1,1657:0:1,1881:0:1,1888:0:1,1907:0:1,1942:0:1,1971:0:1,2027:0:1,2155:0:1,2179:0:1,2187:0:1,2228:0:1,2258:0:1,2330:0:1,2498:0:1
DNA-26669-CG001Qv51Next024-19_S19	chr7	55242465	GGAATTAAGAGAAGCA	G	CG001v3.4.20	390:0:74,741:0:4,144:0:1,187:0:1,218:0:1,228:0:1,336:0:1,382:0:1,391:0:1,392:0:1,393:2:1,394:0:1,395:0:1,396:0:1,736:0:1,737:0:1,738:0:1,739:0:1,740:0:1,881:0:1
DNA-26669-CG001Qv51Next024-19_S19	chr3	178936116	GT	C	CG001v5.0.59	346:1:8102,59:1:25,387:1:24,71:1:23,401:1:21,46:1:20,85:1:20,395:1:20,96:1:16,411:1:15,130:1:13,203:1:13,367:1:12,378:1:12,614:1:11,284:1:10,472:1:10,122:1:9,288:1:9,322:1:9,443:1:9,489:1:9,280:1:8,300:1:8,320:1:8,354:1:8,498:1:8,516:1:7,647:1:7,683:1:7,728:1:7,301:1:6,339:1:6,343:1:6,453:1:6,526:1:6,50:1:5,114:1:5,143:1:5,286:4:5,286:6:5,345:1:5,369:1:5,371:1:5,598:1:5,295:1:4,299:1:4,302:1:4,306:1:4,311:1:4,405:1:4,407:1:4,417:2:4,427:1:4,436:1:4,541:1:4,670:1:4,66:1:3,78:1:3,90:1:3,112:1:3,290:1:3,296:1:3,327:1:3,336:1:3,351:1:3,352:1:3,372:1:3,375:1:3,381:1:3,398:1:3,491:1:3,583:1:3,646:1:3,702:1:3,11:1:2,30:1:2,42:1:2,52:1:2,89:1:2,134:1:2,292:1:2,303:1:2,308:1:2,310:1:2,312:1:2,315:1:2,321:1:2,325:1:2,340:1:2,353:1:2,368:1:2,385:3:2,389:1:2,404:1:2,418:1:2,461:1:2,480:1:2,523:1:2,559:1:2,566:1:2,590:1:2,637:1:2,645:1:2,0:1:1,2:1:1,4:1:1,12:1:1,13:1:1,14:1:1,19:1:1,23:1:1,28:1:1,29:1:1,32:1:1,41:1:1,48:1:1,49:1:1,55:1:1,58:1:1,60:1:1,63:1:1,72:1:1,74:1:1,75:1:1,77:1:1,80:1:1,81:1:1,86:1:1,91:1:1,93:1:1,97:1:1,102:1:1,113:1:1,120:1:1,124:1:1,125:1:1,126:1:1,127:3:1,131:1:1,135:1:1,136:1:1,137:1:1,139:1:1,145:1:1,148:1:1,264:1:1,281:4:1,281:5:1,282:1:1,283:1:1,285:1:1,287:4:1,287:6:1,291:1:1,293:1:1,294:1:1,297:1:1,298:1:1,304:1:1,307:1:1,309:1:1,313:1:1,314:1:1,316:4:1,317:1:1,318:1:1,319:1:1,323:1:1,329:1:1,330:1:1,332:1:1,333:1:1,334:1:1,335:1:1,338:1:1,342:1:1,344:1:1,347:1:1,348:1:1,350:1:1,355:1:1,363:1:1,370:1:1,373:1:1,377:1:1,379:1:1,380:1:1,382:1:1,383:1:1,384:1:1,386:1:1,388:1:1,390:1:1,391:1:1,392:4:1,392:5:1,393:1:1,394:1:1,396:1:1,397:1:1,399:1:1,403:1:1,406:1:1,408:1:1,409:1:1,410:1:1,412:1:1,413:1:1,414:4:1,414:6:1,415:1:1,416:1:1,422:4:1,422:5:1,424:1:1,431:1:1,432:1:1,433:1:1,434:1:1,442:1:1,444:1:1,445:1:1,446:1:1,447:1:1,450:1:1,455:1:1,457:1:1,458:1:1,460:1:1,465:1:1,466:1:1,467:1:1,468:1:1,474:3:1,475:1:1,476:1:1,477:1:1,479:1:1,481:1:1,484:1:1,486:1:1,487:1:1,493:1:1,494:1:1,496:1:1,499:1:1,501:1:1,503:1:1,509:1:1,510:1:1,519:1:1,520:1:1,521:1:1,522:1:1,524:1:1,527:1:1,531:1:1,532:1:1,535:1:1,538:1:1,542:1:1,543:1:1,545:1:1,546:1:1,547:1:1,550:1:1,553:1:1,556:1:1,558:1:1,560:1:1,561:1:1,562:1:1,563:1:1,564:1:1,568:1:1,572:1:1,574:1:1,579:1:1,582:1:1,584:1:1,588:1:1,592:1:1,593:1:1,597:1:1,599:1:1,600:1:1,602:1:1,603:1:1,604:1:1,605:1:1,615:1:1,617:1:1,624:1:1,625:1:1,626:1:1,638:1:1,648:1:1,649:1:1,651:1:1,652:1:1,654:1:1,655:1:1,656:1:1,661:1:1,662:1:1,664:1:1,666:1:1,672:1:1,673:1:1,676:1:1,677:1:1,679:1:1,682:1:1,686:1:1,689:1:1,690:1:1,692:1:1,694:1:1,705:1:1,706:1:1,708:1:1,712:1:1,714:1:1,717:1:1,719:1:1,720:1:1,721:1:1,722:1:1,723:1:1,727:1:1,730:1:1,732:1:1,734:1:1,735:1:1,742:1:1,743:1:1,745:1:1,746:1:1,748:1:1,753:1:1,754:1:1,755:1:1,757:1:1,758:1:1,765:1:1
DNA-26669-CG001Qv51Next024-19_S19	chr4	55141048	T	TA	CG001v4.0.51	475:0:136,307:0:4,143:0:2,339:0:2,1:0:1,73:0:1,74:0:1,103:0:1,159:0:1,181:0:1,216:0:1,239:0:1,284:0:1,415:0:1,439:0:1,474:0:1,476:0:1,477:0:1,478:0:1,479:0:1,480:0:1,481:0:1,482:0:1,810:0:1,814:0:1,834:0:1,835:0:1,945:0:1,984:0:1,1008:0:1,1014:0:1,1028:0:1,1110:0:1,1117:0:1,1152:0:1,1161:0:1,1201:0:1,1261:0:1,1270:0:1,1293:0:1,1337:0:1,1375:0:1,1432:0:1,1565:0:1,1726:0:1,1727:0:1,1743:0:1,1756:0:1
DNA-26669-CG001Qv51Next024-19_S19	chr7	55249012	C	CGGT	CG001v4.0.35	1517:0:102,1516:0:19,248:0:3,1513:0:3,1511:0:2,1515:0:2,164:0:1,166:0:1,233:0:1,241:0:1,249:0:1,250:0:1,1508:0:1,1509:0:1,1510:0:1,1512:0:1,1514:0:1,1518:0:1,1519:0:1,1519:1:1,1520:0:1,1521:0:1,1522:0:1,1523:0:1,1524:0:1,1565:0:1,1603:0:1,1636:0:1,1672:0:1,1707:0:1,1850:0:1,1905:0:1,1914:0:1,1917:0:1
DNA-26669-CG001Qv51Next024-5_S5	chr17	7577557	AG	A	CG001v3.4.110	1513:0:199,2224:0:4,61:0:1,170:0:1,184:0:1,247:0:1,276:0:1,277:0:1,1498:0:1,1499:0:1,1500:0:1,1501:0:1,1502:0:1,1503:0:1,1504:0:1,1505:0:1,1506:0:1,1507:0:1,1508:0:1,1509:0:1,1510:0:1,1511:0:1,1512:0:1,1514:0:1,1515:0:1,1516:0:1,1517:0:1,1518:0:1,1520:0:1,1544:0:1,1554:0:1,1589:0:1,1609:0:1,1633:0:1,1634:0:1,1758:0:1,1759:0:1,1862:0:1,1903:0:1,1928:0:1,2327:0:1,2422:0:1,2503:0:1,2547:0:1,2613:0:1
DNA-26669-CG001Qv51Next024-5_S5	chr19	4117563	GCTT	G	CG001v3.4.62	1543:0:523,1989:0:7,2011:0:5,161:0:4,194:0:3,1231:0:3,1545:0:3,26:0:2,70:0:2,109:0:2,244:0:2,399:0:2,1480:0:2,1546:0:2,1856:0:2,1964:0:2,16:0:1,63:0:1,148:0:1,189:0:1,210:0:1,215:0:1,323:0:1,407:0:1,420:0:1,1150:0:1,1151:0:1,1161:0:1,1163:0:1,1181:0:1,1192:0:1,1208:0:1,1249:0:1,1262:0:1,1269:0:1,1270:0:1,1299:0:1,1307:0:1,1345:0:1,1378:0:1,1411:0:1,1479:0:1,1511:0:1,1538:0:1,1539:0:1,1540:0:1,1541:0:1,1542:0:1,1544:0:1,1547:0:1,1706:0:1,1726:0:1,1745:0:1,1749:0:1,1753:0:1,1768:0:1,1777:0:1,1797:0:1,1806:0:1,1814:0:1,1816:0:1,1819:0:1,1832:0:1,1841:0:1,1871:0:1,1988:0:1,2010:0:1,2045:0:1,2056:0:1,2077:0:1,2098:0:1,2324:0:1
DNA-26669-CG001Qv51Next024-5_S5	chr7	55242465	GGAATTAAGAGAAGCA	G	CG001v3.4.20	344:0:63,260:0:14,613:0:6,346:0:2,14:0:1,21:0:1,59:0:1,69:0:1,70:0:1,169:0:1,177:0:1,247:0:1,263:1:1,264:0:1,343:0:1,345:0:1,347:0:1,348:0:1,349:0:1,350:0:1,612:0:1,742:0:1,746:0:1,774:0:1,803:0:1,861:0:1,911:0:1
DNA-26669-CG001Qv51Next024-5_S5	chr4	55141048	T	TA	CG001v4.0.51	443:0:197,65:0:2,305:0:2,8:0:1,183:0:1,211:0:1,225:0:1,255:0:1,402:0:1,407:0:1,418:0:1,440:0:1,441:0:1,442:0:1,445:0:1,793:0:1,799:0:1,871:0:1,960:0:1,1044:0:1,1259:0:1,1292:0:1,1397:0:1,1425:0:1,1445:0:1,1445:1:1,1511:0:1,1541:0:1,1550:0:1,1620:0:1,1624:0:1,1652:0:1,1679:0:1,1752:0:1,1773:0:1
DNA-26669-CG001Qv51Next024-5_S5	chr7	55249012	C	CGGT	CG001v4.0.35	1647:0:95,1646:0:20,1644:0:3,1642:0:2,74:0:1,116:0:1,230:0:1,269:0:1,321:0:1,335:0:1,390:0:1,1638:0:1,1639:0:1,1640:0:1,1641:0:1,1643:0:1,1645:0:1,1648:0:1,1649:0:1,1650:0:1,1651:0:1,1652:0:1,2022:0:1
DNA-26670-CG001Qv51Next024-14_S14	chr19	4117563	GCTT	G	CG001v3.4.62	1701:0:510,1455:0:4,195:0:3,483:0:3,1410:0:3,1700:0:3,1702:0:3,2015:0:3,2095:0:3,2265:0:3,225:0:2,254:0:2,1376:0:2,1389:0:2,1420:0:2,1697:0:2,1699:0:2,1703:0:2,1979:0:2,2006:0:2,2164:0:2,12:0:1,118:0:1,160:0:1,235:0:1,401:0:1,410:0:1,417:0:1,453:0:1,493:0:1,1300:0:1,1312:0:1,1322:0:1,1348:0:1,1384:0:1,1399:0:1,1441:0:1,1462:0:1,1466:0:1,1469:0:1,1474:0:1,1502:0:1,1527:0:1,1614:0:1,1615:0:1,1637:0:1,1696:0:1,1698:0:1,1933:0:1,1938:0:1,1957:0:1,1972:0:1,1974:0:1,1983:0:1,1989:0:1,2005:0:1,2032:0:1,2042:0:1,2079:0:1,2080:0:1,2108:0:1,2143:0:1,2169:0:1,2228:0:1,2326:0:1,2408:0:1,2410:0:1,2412:0:1,2435:0:1,2451:0:1,2481:0:1,2521:0:1,2547:0:1,2551:0:1,2564:0:1
DNA-26670-CG001Qv51Next024-14_S14	chr7	55242465	GGAATTAAGAGAAGCA	G	CG001v3.4.20	427:0:41,761:0:5,116:0:1,147:0:1,175:0:1,216:0:1,289:0:1,299:0:1,394:0:1,425:0:1,426:0:1,762:0:1,942:0:1,978:0:1,994:0:1,1033:0:1
DNA-26670-CG001Qv51Next024-14_S14	chr3	178936116	GT	C	CG001v5.0.59	336:1:8186,63:1:34,318:1:24,383:1:24,80:1:21,92:1:19,133:1:19,108:1:18,450:1:18,44:1:17,370:1:14,379:1:14,366:1:13,387:1:13,636:1:10,394:2:9,462:1:9,317:1:8,403:1:8,272:1:7,386:1:7,582:1:7,604:1:7,143:1:6,328:1:6,358:1:6,426:1:6,443:1:6,660:1:6,7:1:5,56:1:5,157:1:5,306:1:5,320:1:5,431:1:5,496:1:5,707:1:5,110:1:4,128:1:4,150:1:4,212:1:4,294:1:4,309:1:4,332:1:4,361:1:4,363:1:4,413:1:4,517:1:4,526:1:4,533:1:4,543:1:4,555:1:4,69:1:3,277:1:3,286:1:3,292:1:3,313:1:3,322:1:3,329:1:3,335:1:3,368:1:3,371:1:3,375:1:3,437:1:3,477:1:3,546:1:3,678:1:3,17:1:2,23:1:2,28:1:2,116:1:2,136:1:2,141:3:2,154:1:2,290:1:2,297:1:2,302:1:2,312:1:2,333:1:2,339:1:2,343:1:2,356:1:2,373:1:2,381:1:2,391:1:2,422:1:2,454:1:2,457:1:2,469:1:2,494:1:2,502:1:2,569:1:2,574:1:2,583:1:2,624:1:2,649:1:2,0:1:1,22:1:1,27:1:1,30:1:1,31:1:1,32:1:1,35:1:1,37:1:1,38:1:1,39:1:1,41:1:1,46:1:1,51:1:1,53:1:1,57:1:1,58:1:1,62:1:1,64:1:1,65:1:1,67:1:1,68:1:1,71:1:1,74:1:1,78:1:1,79:1:1,82:1:1,83:1:1,86:1:1,87:1:1,91:1:1,93:1:1,96:1:1,98:1:1,100:1:1,101:1:1,104:1:1,106:1:1,109:1:1,113:1:1,114:1:1,120:1:1,125:1:1,126:1:1,127:1:1,129:1:1,130:1:1,131:1:1,135:1:1,137:1:1,145:1:1,146:1:1,147:1:1,148:1:1,149:3:1,151:1:1,152:1:1,153:1:1,160:1:1,163:1:1,270:1:1,271:1:1,273:1:1,274:4:1,274:5:1,275:4:1,275:5:1,276:1:1,278:1:1,279:1:1,280:1:1,281:1:1,282:1:1,283:1:1,284:1:1,285:1:1,287:1:1,288:1:1,289:1:1,291:1:1,295:1:1,296:1:1,298:1:1,300:1:1,301:1:1,303:1:1,304:1:1,305:1:1,307:1:1,308:1:1,310:1:1,311:1:1,315:1:1,316:1:1,319:1:1,324:2:1,326:1:1,327:1:1,330:1:1,331:1:1,334:1:1,337:1:1,340:1:1,341:1:1,344:1:1,351:1:1,357:1:1,359:1:1,360:1:1,362:9:1,364:1:1,367:1:1,369:1:1,372:1:1,374:1:1,376:1:1,377:1:1,378:1:1,380:1:1,382:1:1,384:1:1,385:1:1,388:1:1,389:4:1,389:6:1,390:4:1,390:6:1,392:1:1,393:2:1,395:1:1,399:1:1,407:1:1,409:1:1,410:1:1,411:1:1,414:1:1,419:1:1,420:1:1,421:1:1,423:1:1,424:1:1,425:1:1,427:1:1,433:1:1,434:1:1,435:1:1,439:1:1,440:1:1,444:1:1,445:1:1,446:1:1,451:1:1,456:1:1,458:1:1,463:1:1,464:1:1,466:1:1,470:1:1,473:1:1,481:1:1,482:1:1,485:7:1,487:1:1,489:1:1,491:1:1,499:1:1,500:1:1,501:1:1,503:1:1,506:1:1,507:1:1,511:1:1,513:1:1,515:1:1,516:1:1,518:2:1,521:1:1,522:1:1,524:1:1,527:1:1,530:1:1,534:1:1,536:1:1,538:1:1,539:1:1,540:1:1,541:1:1,547:1:1,548:1:1,551:1:1,556:1:1,561:1:1,562:1:1,563:1:1,566:1:1,570:1:1,571:1:1,576:1:1,577:1:1,579:1:1,584:1:1,585:1:1,587:1:1,588:1:1,593:1:1,594:1:1,603:1:1,605:1:1,607:1:1,609:1:1,611:1:1,612:1:1,613:1:1,614:1:1,620:1:1,621:1:1,622:1:1,623:1:1,634:1:1,635:1:1,637:1:1,638:1:1,640:1:1,642:1:1,644:1:1,646:1:1,647:1:1,648:1:1,651:1:1,652:1:1,653:1:1,654:7:1,655:1:1,656:1:1,661:1:1,662:1:1,664:1:1,666:1:1,670:1:1,671:1:1,672:1:1,673:1:1,675:1:1,677:1:1,680:1:1,682:1:1,684:1:1,685:1:1,689:1:1,690:1:1,693:1:1,694:1:1,695:1:1,698:1:1,701:1:1,704:1:1,705:1:1,706:1:1,708:1:1,709:1:1,712:1:1,715:1:1,716:1:1,719:1:1,720:1:1,721:1:1,722:1:1,723:1:1,726:1:1,732:1:1,734:1:1,738:1:1,739:1:1
DNA-26670-CG001Qv51Next024-21_S21	chr19	4117563	GCTT	G	CG001v3.4.62	1783:0:554,1784:0:8,211:0:4,2274:0:3,2328:0:3,269:0:2,342:0:2,1507:0:2,1518:0:2,1774:0:2,1780:0:2,1781:0:2,2040:0:2,105:0:1,126:0:1,151:0:1,187:0:1,188:0:1,217:0:1,337:0:1,358:0:1,424:0:1,500:0:1,529:0:1,820:0:1,1304:0:1,1306:0:1,1315:0:1,1358:0:1,1373:0:1,1401:0:1,1410:0:1,1425:0:1,1438:0:1,1457:0:1,1464:0:1,1469:0:1,1515:0:1,1548:0:1,1558:0:1,1573:0:1,1605:0:1,1613:0:1,1624:0:1,1652:0:1,1653:0:1,1772:0:1,1773:0:1,1775:0:1,1776:0:1,1777:0:1,1778:0:1,1782:0:1,1785:0:1,1951:0:1,2021:0:1,2061:0:1,2068:0:1,2069:0:1,2084:0:1,2094:0:1,2128:0:1,2148:0:1,2234:0:1,2332:0:1,2416:0:1,2516:0:1,2545:0:1,2556:0:1,2559:0:1,2560:0:1,2647:0:1,2708:0:1,2717:0:1
DNA-26670-CG001Qv51Next024-21_S21	chr7	55242465	GGAATTAAGAGAAGCA	G	CG001v3.4.20	452:0:49,813:0:8,73:0:1,124:0:1,193:0:1,398:0:1,404:0:1,451:0:1,453:0:1,934:0:1,969:0:1
DNA-26670-CG001Qv51Next024-7_S7	chr19	4117563	GCTT	G	CG001v3.4.62	1321:0:495,221:0:6,1263:0:4,1324:0:4,197:0:3,172:0:2,313:0:2,918:0:2,1000:0:2,1057:0:2,1076:0:2,1317:0:2,1320:0:2,1517:0:2,1618:0:2,1684:0:2,1810:0:2,19:0:1,33:0:1,98:0:1,101:0:1,154:0:1,192:0:1,227:0:1,258:0:1,259:0:1,295:0:1,660:0:1,902:0:1,917:0:1,936:0:1,1032:0:1,1060:0:1,1064:0:1,1065:0:1,1070:0:1,1071:0:1,1094:0:1,1097:0:1,1109:0:1,1117:0:1,1156:0:1,1176:0:1,1205:0:1,1206:0:1,1316:0:1,1318:0:1,1319:0:1,1323:0:1,1325:0:1,1513:0:1,1556:0:1,1659:0:1,1669:0:1,1703:0:1,1709:0:1,1710:0:1,1747:0:1,1764:0:1,1765:0:1,1771:0:1,1875:0:1,1907:0:1,1962:0:1,2021:0:1,2073:0:1
DNA-26670-CG001Qv51Next024-7_S7	chr3	178936116	GT	C	CG001v5.0.59	420:1:12999,99:1:41,85:1:38,460:1:28,469:1:28,121:1:27,476:1:27,112:1:25,65:1:23,149:1:21,575:1:20,454:1:19,512:1:19,484:1:18,531:1:17,604:1:17,674:1:15,482:1:14,504:1:13,541:1:13,164:1:12,368:1:12,810:1:12,908:1:12,177:1:11,350:1:11,373:1:11,398:1:11,143:1:10,414:1:10,446:1:10,590:1:10,741:1:10,765:1:10,54:1:9,364:1:9,857:1:9,16:1:8,353:1:8,379:1:7,387:1:7,419:1:7,457:1:7,703:1:7,365:1:6,395:1:6,404:1:6,416:1:6,464:1:6,467:1:6,566:1:6,654:1:6,131:1:5,360:1:5,391:1:5,438:1:5,444:1:5,449:1:5,725:1:5,882:1:5,45:1:4,89:1:4,171:1:4,244:1:4,377:1:4,383:1:4,415:1:4,491:4:4,491:5:4,557:1:4,580:1:4,619:1:4,677:1:4,744:1:4,837:1:4,34:1:3,94:1:3,158:1:3,358:1:3,362:1:3,376:1:3,380:1:3,393:1:3,411:1:3,431:1:3,462:1:3,466:1:3,472:1:3,628:1:3,683:1:3,29:1:2,78:1:2,119:1:2,129:1:2,173:1:2,355:1:2,371:1:2,397:1:2,403:1:2,412:1:2,417:1:2,418:1:2,425:1:2,432:1:2,452:1:2,470:1:2,475:1:2,480:1:2,486:1:2,490:2:2,494:1:2,497:1:2,500:1:2,509:1:2,559:1:2,560:1:2,577:1:2,596:1:2,601:1:2,607:1:2,642:1:2,715:1:2,742:1:2,795:1:2,906:1:2,1:1:1,7:1:1,12:1:1,13:1:1,14:1:1,15:1:1,17:1:1,18:1:1,22:1:1,25:1:1,28:1:1,35:1:1,40:1:1,42:1:1,50:1:1,52:1:1,53:1:1,55:1:1,56:1:1,59:1:1,60:1:1,61:1:1,66:1:1,68:1:1,70:1:1,72:1:1,74:1:1,76:1:1,79:1:1,80:1:1,84:1:1,87:1:1,90:1:1,92:1:1,95:1:1,100:1:1,101:1:1,102:1:1,103:1:1,104:1:1,105:1:1,107:1:1,111:1:1,114:1:1,122:1:1,126:1:1,127:1:1,128:1:1,132:4:1,132:5:1,134:1:1,136:1:1,145:1:1,151:1:1,152:1:1,157:1:1,159:1:1,160:1:1,161:1:1,162:3:1,168:1:1,169:1:1,170:1:1,175:1:1,178:1:1,180:1:1,182:1:1,185:1:1,199:1:1,351:4:1,351:5:1,352:1:1,354:1:1,356:1:1,357:1:1,359:1:1,361:1:1,363:1:1,367:1:1,369:1:1,370:1:1,372:1:1,375:1:1,378:1:1,381:1:1,382:1:1,384:1:1,386:1:1,388:1:1,389:1:1,390:1:1,392:1:1,394:1:1,396:1:1,399:1:1,400:1:1,406:1:1,421:1:1,422:1:1,424:1:1,426:1:1,427:1:1,430:1:1,439:1:1,443:1:1,445:1:1,447:1:1,448:1:1,450:1:1,451:1:1,453:1:1,455:1:1,456:1:1,458:1:1,459:3:1,463:1:1,465:1:1,468:1:1,471:1:1,473:1:1,474:1:1,477:1:1,478:1:1,479:1:1,481:1:1,483:1:1,487:4:1,487:6:1,488:1:1,489:1:1,492:1:1,493:1:1,513:1:1,515:1:1,516:1:1,527:1:1,529:1:1,530:1:1,532:1:1,533:1:1,534:1:1,536:1:1,537:1:1,542:1:1,543:1:1,547:1:1,550:1:1,551:1:1,554:1:1,564:1:1,565:1:1,567:1:1,568:1:1,572:1:1,574:1:1,576:3:1,579:1:1,585:1:1,592:1:1,593:1:1,597:1:1,605:1:1,609:1:1,611:1:1,614:1:1,616:7:1,620:1:1,623:1:1,630:1:1,634:1:1,635:1:1,636:1:1,639:1:1,641:1:1,645:1:1,650:1:1,651:1:1,652:1:1,653:1:1,655:1:1,657:1:1,661:1:1,662:1:1,664:1:1,666:1:1,668:1:1,671:1:1,672:1:1,675:1:1,680:1:1,681:1:1,682:1:1,688:1:1,689:1:1,693:1:1,695:1:1,701:1:1,702:1:1,704:1:1,705:1:1,708:1:1,709:1:1,711:1:1,712:1:1,716:1:1,717:1:1,718:1:1,719:1:1,721:1:1,726:1:1,731:1:1,732:1:1,733:1:1,735:1:1,743:1:1,747:1:1,749:1:1,750:1:1,751:1:1,763:1:1,766:1:1,767:1:1,769:1:1,770:1:1,775:1:1,783:1:1,784:1:1,787:1:1,789:1:1,790:1:1,791:1:1,794:1:1,796:1:1,805:1:1,806:1:1,807:1:1,808:1:1,809:1:1,811:1:1,812:1:1,813:1:1,814:1:1,815:1:1,817:1:1,818:1:1,820:1:1,822:1:1,823:1:1,827:1:1,828:1:1,829:1:1,830:1:1,832:1:1,835:1:1,838:1:1,839:1:1,840:1:1,841:1:1,842:1:1,847:1:1,848:1:1,849:1:1,858:1:1,862:1:1,863:1:1,864:1:1,865:1:1,869:1:1,871:1:1,879:1:1,880:1:1,881:1:1,883:1:1,884:1:1,885:1:1,891:1:1,892:1:1,894:1:1,899:1:1,900:1:1,903:4:1,903:6:1,907:1:1,909:1:1,910:1:1,911:1:1,912:1:1,914:1:1,916:1:1,917:1:1,918:1:1,919:1:1,920:1:1,925:1:1,929:1:1,933:1:1,936:1:1,937:1:1,940:1:1,941:1:1,942:1:1,945:1:1,948:1:1,949:1:1,953:1:1,955:1:1,959:1:1,961:1:1,962:1:1,963:1:1,964:1:1,966:1:1
DNA-26671-CG001Qv51Next024-15_S15	chr19	4117563	GCTT	G	CG001v3.4.62	1981:0:471,1559:0:4,1972:0:4,1982:0:4,85:0:3,198:0:3,294:0:3,1479:0:3,1718:0:3,1979:0:3,2314:0:3,156:0:2,1577:0:2,1661:0:2,1676:0:2,1978:0:2,2325:0:2,2368:0:2,2381:0:2,2428:0:2,2931:0:2,11:0:1,17:0:1,50:0:1,120:0:1,197:0:1,219:0:1,237:0:1,260:0:1,267:0:1,319:0:1,383:0:1,454:0:1,459:0:1,579:0:1,1430:0:1,1451:0:1,1452:0:1,1464:0:1,1466:0:1,1503:0:1,1504:0:1,1531:0:1,1532:0:1,1543:0:1,1565:0:1,1584:0:1,1600:0:1,1626:0:1,1639:0:1,1641:0:1,1662:0:1,1695:0:1,1697:0:1,1702:0:1,1746:0:1,1761:0:1,1788:0:1,1876:0:1,1883:0:1,1976:0:1,1977:0:1,1980:0:1,1983:0:1,2234:0:1,2303:0:1,2331:0:1,2346:0:1,2365:0:1,2374:0:1,2384:0:1,2528:0:1,2532:0:1,2535:0:1,2569:0:1,2589:0:1,2661:0:1,2665:0:1,2756:0:1,2780:0:1,2803:0:1,2811:0:1,2854:0:1,2878:0:1
DNA-26671-CG001Qv51Next024-22_S22	chr19	4117563	GCTT	G	CG001v3.4.62	1895:0:655,1896:0:7,95:0:6,2228:0:4,1558:0:3,1824:0:3,1891:0:3,2154:0:3,2192:0:3,141:0:2,203:0:2,284:0:2,509:0:2,1417:0:2,1421:0:2,1438:0:2,1532:0:2,1591:0:2,1652:0:2,1894:0:2,2218:0:2,2221:0:2,2305:0:2,2332:0:2,2356:0:2,2375:0:2,2712:0:2,43:0:1,46:0:1,67:0:1,70:0:1,94:0:1,180:0:1,209:0:1,219:0:1,254:0:1,308:0:1,324:0:1,400:0:1,461:0:1,518:0:1,1009:0:1,1382:0:1,1389:0:1,1399:0:1,1489:0:1,1544:0:1,1605:0:1,1628:0:1,1711:0:1,1731:0:1,1744:0:1,1745:0:1,1823:0:1,1892:0:1,1893:0:1,1897:0:1,2088:0:1,2089:0:1,2141:0:1,2153:0:1,2167:0:1,2172:0:1,2177:0:1,2196:0:1,2239:0:1,2244:0:1,2277:0:1,2315:0:1,2316:0:1,2459:0:1,2486:0:1,2512:0:1,2531:0:1,2550:0:1,2573:0:1,2582:0:1,2614:0:1,2675:0:1,2677:0:1,2700:0:1,2742:0:1,2748:0:1,2812:0:1,2854:0:1,2890:0:1,2934:0:1,2952:0:1
DNA-26671-CG001Qv51Next024-22_S22	chr3	178936116	GT	C	CG001v5.0.59	385:1:9343,429:1:35,76:1:32,61:1:20,91:1:20,108:1:20,120:1:20,444:1:20,229:1:18,459:1:17,740:1:17,449:1:15,518:1:15,503:1:14,454:1:12,147:1:11,544:1:11,312:1:10,412:1:10,137:1:9,305:1:9,326:1:9,498:1:9,115:1:8,157:1:8,327:1:8,533:1:8,782:1:8,329:1:7,356:1:7,382:1:7,407:1:7,477:1:7,20:1:6,168:1:6,308:1:6,344:1:6,353:1:6,377:1:6,709:1:6,127:1:5,155:3:5,337:1:5,409:1:5,419:1:5,465:2:5,615:1:5,678:1:5,166:1:4,332:1:4,413:1:4,416:1:4,467:1:4,525:1:4,593:1:4,602:1:4,626:1:4,633:1:4,53:1:3,64:1:3,85:1:3,103:1:3,317:1:3,323:1:3,340:1:3,342:1:3,347:1:3,351:1:3,363:1:3,381:1:3,408:1:3,425:1:3,432:1:3,438:1:3,463:1:3,486:1:3,490:1:3,515:1:3,538:1:3,562:1:3,566:1:3,582:1:3,622:1:3,813:1:3,40:1:2,68:1:2,136:1:2,143:1:2,170:1:2,306:4:2,306:5:2,313:1:2,316:1:2,331:1:2,348:1:2,350:1:2,355:1:2,357:1:2,365:1:2,372:1:2,374:1:2,380:1:2,394:1:2,395:1:2,397:1:2,421:1:2,427:1:2,431:1:2,435:1:2,447:1:2,457:1:2,472:1:2,480:2:2,493:1:2,512:1:2,520:3:2,535:1:2,560:7:2,576:1:2,608:1:2,644:1:2,676:1:2,738:1:2,837:1:2,0:1:1,3:1:1,4:1:1,5:1:1,7:1:1,8:1:1,10:3:1,11:1:1,18:1:1,19:1:1,21:1:1,24:1:1,26:1:1,27:1:1,29:1:1,30:1:1,32:1:1,33:1:1,35:1:1,36:1:1,47:1:1,49:1:1,52:1:1,55:1:1,57:1:1,58:1:1,59:1:1,63:1:1,66:1:1,73:1:1,74:1:1,78:1:1,79:1:1,80:1:1,81:1:1,82:1:1,99:1:1,104:1:1,110:1:1,111:1:1,113:1:1,128:1:1,134:1:1,135:1:1,138:1:1,139:1:1,140:1:1,148:1:1,153:1:1,158:3:1,160:1:1,161:1:1,162:1:1,163:1:1,164:1:1,307:1:1,309:1:1,310:1:1,311:1:1,314:1:1,315:1:1,319:2:1,320:1:1,321:1:1,322:1:1,324:1:1,325:1:1,328:1:1,330:1:1,333:1:1,334:1:1,336:1:1,338:1:1,339:1:1,341:1:1,343:1:1,345:1:1,346:1:1,349:1:1,352:1:1,354:1:1,358:1:1,359:1:1,361:1:1,364:1:1,367:2:1,368:1:1,373:1:1,375:1:1,376:1:1,378:1:1,379:1:1,383:1:1,384:1:1,386:1:1,388:1:1,389:1:1,390:1:1,391:1:1,392:1:1,393:1:1,396:1:1,400:1:1,404:1:1,411:1:1,414:1:1,415:1:1,417:1:1,418:1:1,420:1:1,422:1:1,423:1:1,424:1:1,426:1:1,428:1:1,430:3:1,434:1:1,436:1:1,437:1:1,439:1:1,440:1:1,441:1:1,442:1:1,443:1:1,446:1:1,448:1:1,450:1:1,451:1:1,452:1:1,453:1:1,455:1:1,456:1:1,458:1:1,460:1:1,461:1:1,462:1:1,464:1:1,466:2:1,469:1:1,475:1:1,481:1:1,482:1:1,484:1:1,487:1:1,489:1:1,492:1:1,499:1:1,500:1:1,501:1:1,504:1:1,506:1:1,508:1:1,509:1:1,511:1:1,514:1:1,526:1:1,528:1:1,529:1:1,530:1:1,531:1:1,539:1:1,541:1:1,545:4:1,545:5:1,548:1:1,549:1:1,556:1:1,557:1:1,565:1:1,571:1:1,572:1:1,574:1:1,578:1:1,580:1:1,581:1:1,584:1:1,585:1:1,588:1:1,589:1:1,590:1:1,592:1:1,594:1:1,595:1:1,603:1:1,605:1:1,607:1:1,611:1:1,612:1:1,613:1:1,614:1:1,616:1:1,617:1:1,623:1:1,627:1:1,629:1:1,634:1:1,635:1:1,641:1:1,643:1:1,648:1:1,652:1:1,653:1:1,654:1:1,655:1:1,656:1:1,658:1:1,659:1:1,663:1:1,666:1:1,667:2:1,675:1:1,677:1:1,680:1:1,681:1:1,682:1:1,685:1:1,686:1:1,687:1:1,688:1:1,689:1:1,707:1:1,708:1:1,710:1:1,711:1:1,712:1:1,713:1:1,714:1:1,715:1:1,717:1:1,720:1:1,722:1:1,724:1:1,729:1:1,730:1:1,731:1:1,737:1:1,739:1:1,741:1:1,744:2:1,748:1:1,751:1:1,754:1:1,757:1:1,758:1:1,759:1:1,760:1:1,764:1:1,765:1:1,767:1:1,768:1:1,772:1:1,777:1:1,780:1:1,781:1:1,783:1:1,785:1:1,787:1:1,789:1:1,790:1:1,791:1:1,794:1:1,795:1:1,797:1:1,798:1:1,800:1:1,801:1:1,803:1:1,804:1:1,811:1:1,812:1:1,814:1:1,815:9:1,816:1:1,819:1:1,822:1:1,836:1:1,841:1:1,844:1:1,846:1:1,848:1:1,852:1:1,853:1:1,854:1:1,856:1:1,857:1:1,859:1:1,861:1:1,862:1:1,864:1:1,870:1:1,873:1:1,874:1:1,875:1:1,883:1:1
DNA-26671-CG001Qv51Next024-8_S8	chr19	4117563	GCTT	G	CG001v3.4.62	1668:0:356,1288:0:2,1369:0:2,1426:0:2,1471:0:2,1931:0:2,1949:0:2,1980:0:2,68:0:1,172:0:1,194:0:1,231:0:1,269:0:1,305:0:1,317:0:1,379:0:1,381:0:1,418:0:1,419:0:1,461:0:1,464:0:1,481:0:1,486:0:1,1175:0:1,1248:0:1,1263:0:1,1286:0:1,1339:0:1,1373:0:1,1390:0:1,1397:0:1,1423:0:1,1430:0:1,1447:0:1,1448:0:1,1460:0:1,1466:0:1,1509:0:1,1518:0:1,1541:0:1,1542:0:1,1600:0:1,1601:0:1,1663:0:1,1664:0:1,1665:0:1,1666:0:1,1667:0:1,1669:0:1,1670:0:1,1671:0:1,1820:0:1,1844:0:1,1870:0:1,1893:0:1,1914:0:1,1940:0:1,1983:0:1,1988:0:1,2030:0:1,2047:0:1,2143:0:1,2271:0:1,2291:0:1,2294:0:1,2331:0:1,2381:0:1,2409:0:1,2443:0:1,2532:0:1,2548:0:1
NF-CG001Qv51Next024-3_S3	chr12	25398298	CA	C	CG001v3.4.56	410:0:686,774:0:13,132:0:3,402:0:3,877:0:3,968:0:3,334:2:2,334:4:2,339:0:2,378:0:2,391:0:2,393:0:2,408:0:2,428:0:2,66:0:1,77:0:1,103:0:1,107:0:1,118:0:1,126:0:1,150:0:1,219:0:1,234:0:1,240:0:1,259:0:1,263:0:1,269:0:1,269:1:1,284:0:1,306:0:1,312:0:1,317:0:1,318:0:1,336:0:1,342:0:1,345:0:1,347:0:1,348:2:1,348:3:1,349:0:1,352:0:1,392:0:1,394:0:1,395:0:1,396:0:1,397:0:1,399:0:1,400:0:1,401:0:1,403:0:1,404:0:1,405:0:1,406:0:1,407:0:1,409:0:1,411:0:1,412:0:1,413:0:1,414:0:1,415:0:1,416:0:1,417:0:1,418:0:1,419:0:1,420:0:1,421:0:1,422:0:1,423:0:1,424:0:1,426:0:1,427:0:1,431:0:1,434:0:1,434:2:1,436:0:1,438:0:1,439:0:1,447:0:1,448:0:1,482:0:1,773:0:1,930:0:1,972:0:1,981:0:1,982:0:1,983:0:1,1005:0:1,1018:0:1,1043:0:1,1164:0:1,1165:0:1,1201:0:1,1214:0:1,1230:0:1
NF-CG001Qv51Next024-3_S3	chr12	25398299	A	GC	CG001v3.4.56	410:1:686,774:1:13,132:1:3,402:1:3,877:1:3,968:2:3,334:7:2,334:9:2,339:1:2,378:1:2,391:1:2,393:1:2,408:1:2,428:2:2,66:1:1,77:1:1,103:1:1,107:1:1,118:1:1,126:1:1,150:1:1,219:1:1,234:1:1,240:1:1,259:1:1,263:1:1,269:4:1,269:5:1,284:1:1,306:1:1,312:1:1,317:1:1,318:1:1,336:1:1,342:1:1,345:1:1,347:1:1,348:6:1,348:7:1,349:1:1,352:1:1,392:1:1,394:1:1,395:1:1,396:1:1,397:1:1,399:1:1,400:1:1,401:1:1,403:1:1,404:1:1,405:1:1,406:1:1,407:1:1,409:1:1,411:1:1,412:1:1,413:1:1,414:1:1,415:1:1,416:1:1,417:1:1,418:1:1,419:1:1,420:1:1,421:1:1,422:1:1,423:1:1,424:1:1,426:1:1,427:1:1,431:1:1,434:3:1,434:5:1,436:1:1,438:1:1,439:1:1,447:2:1,448:1:1,482:1:1,773:1:1,930:1:1,972:1:1,981:1:1,982:1:1,983:1:1,1005:1:1,1018:1:1,1043:1:1,1164:1:1,1165:1:1,1201:1:1,1214:1:1,1230:1:1
NF-CG001Qv51Next024-3_S3	chr12	25398297	C	CCG	CG001v3.4.56	410:0:686,774:0:13,132:0:3,402:0:3,877:0:3,968:0:3,334:2:2,334:4:2,339:0:2,378:0:2,391:0:2,393:0:2,408:0:2,428:0:2,66:0:1,77:0:1,103:0:1,107:0:1,118:0:1,126:0:1,150:0:1,219:0:1,234:0:1,240:0:1,259:0:1,263:0:1,269:0:1,269:1:1,284:0:1,306:0:1,312:0:1,317:0:1,318:0:1,336:0:1,342:0:1,345:0:1,347:0:1,348:2:1,348:3:1,349:0:1,352:0:1,392:0:1,394:0:1,395:0:1,396:0:1,397:0:1,399:0:1,400:0:1,401:0:1,403:0:1,404:0:1,405:0:1,406:0:1,407:0:1,409:0:1,411:0:1,412:0:1,413:0:1,414:0:1,415:0:1,416:0:1,417:0:1,418:0:1,419:0:1,420:0:1,421:0:1,422:0:1,423:0:1,424:0:1,426:0:1,427:0:1,431:0:1,434:0:1,434:2:1,436:0:1,438:0:1,439:0:1,447:0:1,448:0:1,482:0:1,773:0:1,930:0:1,972:0:1,981:0:1,982:0:1,983:0:1,1005:0:1,1018:0:1,1043:0:1,1164:0:1,1165:0:1,1201:0:1,1214:0:1,1230:0:1
NF-CG001Qv51Next024-3_S3	chr12	25398298	CA	C	CG001v5.0.57	766:0:1480,714:0:6,779:0:5,664:0:4,664:2:4,775:0:4,745:0:3,759:0:3,773:0:3,64:2:2,631:0:2,671:0:2,676:0:2,679:0:2,679:2:2,683:0:2,684:0:2,744:0:2,753:0:2,756:0:2,760:0:2,781:0:2,784:0:2,792:0:2,794:0:2,797:0:2,835:0:2,839:0:2,850:0:2,1:0:1,12:0:1,16:0:1,657:0:1,658:0:1,665:0:1,666:0:1,673:0:1,680:0:1,681:2:1,685:0:1,746:0:1,747:0:1,748:0:1,749:0:1,752:0:1,754:0:1,755:0:1,757:0:1,758:0:1,761:0:1,762:0:1,763:0:1,764:0:1,765:0:1,767:0:1,768:0:1,769:0:1,771:0:1,772:0:1,774:0:1,777:0:1,778:0:1,780:0:1,782:0:1,783:0:1,785:0:1,786:0:1,787:0:1,788:0:1,789:0:1,790:0:1,791:0:1,793:0:1,795:0:1,796:0:1,800:0:1,803:0:1,805:0:1,806:0:1,807:0:1,809:0:1,836:0:1,840:0:1,872:0:1,878:0:1,883:0:1,900:0:1,922:0:1
NF-CG001Qv51Next024-3_S3	chr12	25398299	A	GC	CG001v5.0.57	766:1:1480,714:1:6,779:1:5,664:5:4,664:7:4,775:1:4,745:1:3,759:1:3,773:1:3,64:7:2,631:1:2,671:1:2,676:1:2,679:3:2,679:5:2,683:1:2,684:1:2,744:1:2,753:1:2,756:1:2,760:1:2,781:1:2,784:1:2,792:1:2,794:1:2,797:2:2,835:1:2,839:1:2,850:1:2,1:1:1,12:1:1,16:1:1,657:1:1,658:1:1,665:1:1,666:1:1,673:1:1,680:2:1,681:10:1,685:2:1,746:1:1,747:1:1,748:1:1,752:1:1,754:1:1,755:1:1,757:1:1,758:1:1,761:1:1,762:1:1,763:1:1,764:1:1,765:1:1,767:1:1,768:1:1,769:1:1,771:1:1,772:1:1,774:1:1,778:1:1,780:1:1,782:1:1,783:1:1,785:1:1,786:1:1,787:1:1,788:1:1,789:1:1,790:1:1,791:1:1,793:1:1,795:1:1,796:2:1,800:1:1,803:1:1,805:1:1,806:1:1,807:1:1,809:1:1,836:1:1,840:1:1,872:1:1,878:1:1,883:1:1,900:1:1,922:1:1
NF-CG001Qv51Next024-3_S3	chr12	25398297	C	CCG	CG001v5.0.57	766:0:1480,714:0:6,779:0:5,664:0:4,664:2:4,775:0:4,745:0:3,759:0:3,773:0:3,64:2:2,631:0:2,671:0:2,676:0:2,679:0:2,679:2:2,683:0:2,684:0:2,744:0:2,753:0:2,756:0:2,760:0:2,781:0:2,784:0:2,792:0:2,794:0:2,797:0:2,835:0:2,839:0:2,850:0:2,1:0:1,12:0:1,16:0:1,657:0:1,658:0:1,665:0:1,666:0:1,673:0:1,680:0:1,681:2:1,685:0:1,746:0:1,747:0:1,748:0:1,752:0:1,754:0:1,755:0:1,757:0:1,758:0:1,761:0:1,762:0:1,763:0:1,764:0:1,765:0:1,767:0:1,768:0:1,769:0:1,771:0:1,772:0:1,774:0:1,778:0:1,780:0:1,782:0:1,783:0:1,785:0:1,786:0:1,787:0:1,788:0:1,789:0:1,790:0:1,791:0:1,793:0:1,795:0:1,796:0:1,800:0:1,803:0:1,805:0:1,806:0:1,807:0:1,809:0:1,836:0:1,840:0:1,872:0:1,878:0:1,883:0:1,900:0:1,922:0:1
NF-CG001Qv51Next024-3_S3	chr3	178936116	GT	C	CG001v5.0.59	328:1:6911,89:1:22,64:1:20,357:1:15,368:1:15,202:1:14,371:1:14,399:1:14,98:1:13,363:1:13,128:1:12,383:1:12,80:1:11,350:1:11,52:1:9,424:1:9,347:1:8,358:1:8,374:2:8,565:1:8,286:1:7,308:1:7,325:1:7,369:1:7,459:1:7,586:1:7,622:1:7,295:1:6,432:1:6,113:1:5,118:1:5,137:1:5,297:1:5,317:1:5,349:1:5,441:1:5,702:1:5,272:1:4,274:1:4,289:1:4,353:1:4,360:1:4,518:1:4,133:1:3,282:1:3,302:1:3,305:1:3,307:1:3,327:1:3,330:1:3,392:1:3,407:1:3,418:1:3,501:1:3,657:1:3,681:1:3,10:1:2,33:1:2,42:1:2,73:1:2,86:1:2,92:1:2,146:1:2,277:1:2,294:1:2,299:1:2,301:1:2,309:1:2,312:1:2,319:1:2,323:1:2,334:1:2,344:1:2,346:1:2,356:1:2,364:1:2,365:1:2,367:1:2,370:1:2,449:1:2,465:1:2,497:1:2,523:1:2,539:1:2,556:1:2,620:1:2,621:1:2,641:1:2,732:1:2,4:1:1,12:1:1,14:1:1,16:1:1,31:1:1,34:1:1,37:1:1,38:1:1,39:1:1,40:1:1,47:1:1,48:1:1,49:1:1,50:1:1,53:1:1,54:1:1,55:1:1,58:1:1,61:1:1,65:1:1,66:1:1,68:1:1,69:1:1,70:1:1,71:1:1,79:1:1,81:1:1,91:1:1,94:1:1,95:1:1,102:1:1,107:1:1,114:1:1,116:1:1,119:1:1,120:1:1,124:1:1,126:3:1,129:1:1,131:1:1,132:1:1,138:1:1,142:1:1,273:1:1,275:1:1,276:4:1,276:6:1,279:1:1,280:1:1,281:1:1,283:1:1,284:1:1,285:1:1,287:1:1,288:1:1,290:1:1,291:1:1,292:1:1,293:1:1,296:1:1,298:1:1,300:1:1,303:1:1,304:1:1,306:1:1,310:1:1,311:1:1,313:1:1,315:1:1,316:1:1,318:1:1,320:1:1,321:1:1,322:1:1,324:1:1,326:1:1,331:1:1,333:1:1,339:1:1,340:1:1,343:1:1,348:1:1,352:1:1,354:1:1,355:1:1,359:1:1,361:1:1,362:1:1,366:1:1,372:1:1,373:2:1,375:2:1,376:1:1,380:1:1,381:1:1,386:1:1,388:1:1,389:1:1,390:1:1,393:1:1,400:1:1,403:1:1,410:1:1,412:1:1,414:1:1,415:1:1,416:1:1,421:1:1,425:1:1,426:1:1,428:1:1,429:1:1,434:3:1,436:1:1,443:1:1,444:1:1,445:1:1,451:1:1,455:1:1,457:1:1,458:1:1,460:1:1,466:1:1,470:1:1,474:1:1,477:1:1,479:1:1,480:1:1,483:1:1,484:1:1,485:1:1,489:1:1,490:1:1,491:1:1,500:1:1,504:1:1,509:1:1,512:1:1,514:1:1,515:1:1,516:1:1,517:1:1,519:1:1,524:1:1,527:1:1,528:1:1,529:1:1,530:1:1,540:1:1,543:1:1,544:1:1,545:1:1,548:1:1,551:1:1,552:3:1,559:1:1,563:1:1,566:1:1,567:1:1,569:1:1,571:1:1,573:1:1,576:3:1,587:1:1,588:1:1,590:1:1,593:1:1,594:1:1,595:1:1,596:1:1,598:1:1,607:1:1,612:1:1,613:1:1,625:1:1,628:1:1,634:1:1,636:1:1,647:1:1,648:1:1,649:1:1,656:1:1,658:1:1,662:1:1,665:1:1,666:1:1,667:1:1,668:1:1,680:1:1,682:1:1,683:1:1,687:1:1,689:1:1,696:1:1,701:1:1,704:1:1,705:1:1,707:1:1,710:1:1,713:1:1,715:1:1,718:1:1,719:1:1,720:1:1,722:1:1,723:1:1,731:1:1,735:1:1,736:1:1,739:1:1,740:1:1
QMRS-CG001Qv51Next024-2_S2	chr3	41266133	CCTT	C	CG001v3.4.13	923:0:2470,452:0:10,928:0:8,761:0:7,156:0:6,717:0:6,935:0:6,1813:0:6,341:0:5,746:0:5,773:0:5,1379:0:5,1459:0:5,182:0:4,694:0:4,738:0:4,796:0:4,911:0:4,931:0:4,1122:0:4,1131:0:4,1237:0:4,1285:0:4,1604:0:4,239:0:3,927:0:3,932:0:3,1116:0:3,1163:0:3,1171:0:3,1174:0:3,1185:0:3,1225:0:3,1307:0:3,1450:0:3,1494:0:3,1539:0:3,1647:0:3,88:0:2,219:0:2,675:0:2,682:0:2,728:0:2,808:0:2,835:0:2,885:0:2,905:0:2,908:0:2,918:0:2,921:0:2,922:0:2,925:0:2,930:0:2,933:0:2,1099:0:2,1150:0:2,1270:0:2,1349:0:2,10:0:1,12:0:1,19:0:1,21:0:1,50:0:1,53:0:1,58:0:1,62:0:1,73:0:1,74:0:1,129:0:1,144:0:1,159:0:1,171:0:1,172:0:1,195:0:1,197:0:1,199:0:1,200:0:1,203:0:1,206:0:1,226:0:1,243:0:1,250:0:1,253:0:1,255:0:1,258:0:1,284:0:1,287:0:1,301:0:1,305:0:1,684:0:1,687:0:1,695:0:1,707:0:1,709:0:1,723:0:1,737:0:1,750:0:1,756:0:1,762:0:1,776:0:1,777:0:1,781:0:1,785:0:1,789:0:1,794:0:1,807:0:1,815:0:1,830:0:1,833:0:1,837:0:1,842:0:1,845:0:1,846:0:1,858:0:1,877:0:1,906:0:1,909:0:1,910:0:1,912:0:1,913:0:1,914:0:1,915:0:1,916:0:1,917:0:1,919:0:1,920:0:1,926:0:1,929:0:1,934:0:1,1106:0:1,1127:0:1,1133:0:1,1136:0:1,1137:0:1,1145:0:1,1161:0:1,1169:0:1,1170:0:1,1192:0:1,1194:0:1,1195:0:1,1196:0:1,1206:0:1,1210:0:1,1219:0:1,1224:0:1,1233:0:1,1240:0:1,1241:0:1,1246:0:1,1258:0:1,1262:0:1,1272:0:1,1286:0:1,1292:0:1,1293:0:1,1294:0:1,1297:0:1,1339:0:1,1346:0:1,1357:0:1,1358:0:1,1367:0:1,1403:0:1,1419:0:1,1443:0:1,1456:0:1,1473:0:1,1502:0:1,1508:0:1,1537:0:1,1538:0:1,1554:0:1,1571:0:1,1580:0:1,1598:0:1,1600:0:1,1617:0:1,1631:0:1,1687:0:1,1693:0:1,1702:0:1,1730:0:1,1741:0:1,1762:0:1,1768:0:1,1807:0:1,1810:0:1,1811:0:1,1836:0:1,1864:0:1,1896:0:1,1897:0:1,1919:0:1,1937:0:1
QMRS-CG001Qv51Next024-2_S2	chr7	55242464	AGGAATTAAGAGAAGC	A	CG001v3.4.20	978:0:309,1646:0:16,972:0:4,987:0:3,1577:0:3,985:0:2,1601:0:2,1974:0:2,159:0:1,160:0:1,226:0:1,227:0:1,228:0:1,229:0:1,297:0:1,314:0:1,366:0:1,369:0:1,390:0:1,409:0:1,416:0:1,426:0:1,485:0:1,516:0:1,579:0:1,602:0:1,603:0:1,604:0:1,735:0:1,794:0:1,795:0:1,840:0:1,909:0:1,925:0:1,942:0:1,969:0:1,970:0:1,971:0:1,973:0:1,974:0:1,975:0:1,976:0:1,977:0:1,979:0:1,980:0:1,981:0:1,982:0:1,983:0:1,984:0:1,986:0:1,988:0:1,989:0:1,990:0:1,1576:0:1,1642:0:1,1643:0:1,1644:0:1,1645:0:1,1647:0:1,1648:0:1,1649:0:1,1944:0:1,1968:0:1,2007:0:1,2024:0:1,2115:0:1,2186:0:1,2229:0:1,2271:0:1,2317:0:1,2318:0:1,2363:0:1,2364:0:1,2370:0:1